"model","term","id","x","y"
"Weather","Temperature (2m)","5181",-2.77781027522114,-0.325597786122998
"Weather","Temperature (2m)","5181",-2.67078486335125,-0.313052927507352
"Weather","Temperature (2m)","5181",-2.56375945148135,-0.300508068891705
"Weather","Temperature (2m)","5181",-2.45673403961146,-0.287963210276059
"Weather","Temperature (2m)","5181",-2.34970862774157,-0.275418351660412
"Weather","Temperature (2m)","5181",-2.24268321587167,-0.262873493044766
"Weather","Temperature (2m)","5181",-2.13565780400178,-0.250328634429119
"Weather","Temperature (2m)","5181",-2.02863239213189,-0.237783775813473
"Weather","Temperature (2m)","5181",-1.921606980262,-0.225238917197827
"Weather","Temperature (2m)","5181",-1.8145815683921,-0.21269405858218
"Weather","Temperature (2m)","5181",-1.70755615652221,-0.200149199966534
"Weather","Temperature (2m)","5181",-1.60053074465232,-0.187604341350887
"Weather","Temperature (2m)","5181",-1.49350533278243,-0.175059482735241
"Weather","Temperature (2m)","5181",-1.38647992091253,-0.162514624119594
"Weather","Temperature (2m)","5181",-1.27945450904264,-0.149969765503948
"Weather","Temperature (2m)","5181",-1.17242909717275,-0.137424906888301
"Weather","Temperature (2m)","5181",-1.06540368530285,-0.124880048272655
"Weather","Temperature (2m)","5181",-0.958378273432961,-0.112335189657008
"Weather","Temperature (2m)","5181",-0.851352861563068,-0.099790331041362
"Weather","Temperature (2m)","5181",-0.744327449693175,-0.0872454724257156
"Weather","Temperature (2m)","5181",-0.637302037823283,-0.0747006138100691
"Weather","Temperature (2m)","5181",-0.53027662595339,-0.0621557551944227
"Weather","Temperature (2m)","5181",-0.423251214083497,-0.0496108965787762
"Weather","Temperature (2m)","5181",-0.316225802213604,-0.0370660379631298
"Weather","Temperature (2m)","5181",-0.209200390343711,-0.0245211793474833
"Weather","Temperature (2m)","5181",-0.102174978473819,-0.0119763207318368
"Weather","Temperature (2m)","5181",0.00485043339607438,0.000568537883809631
"Weather","Temperature (2m)","5181",0.111875845265967,0.0131133964994561
"Weather","Temperature (2m)","5181",0.21890125713586,0.0256582551151025
"Weather","Temperature (2m)","5181",0.325926669005753,0.038203113730749
"Weather","Temperature (2m)","5181",0.432952080875646,0.0507479723463954
"Weather","Temperature (2m)","5181",0.539977492745538,0.0632928309620419
"Weather","Temperature (2m)","5181",0.647002904615431,0.0758376895776883
"Weather","Temperature (2m)","5181",0.754028316485324,0.0883825481933348
"Weather","Temperature (2m)","5181",0.861053728355217,0.100927406808981
"Weather","Temperature (2m)","5181",0.96807914022511,0.113472265424628
"Weather","Temperature (2m)","5181",1.075104552095,0.126017124040274
"Weather","Temperature (2m)","5181",1.1821299639649,0.138561982655921
"Weather","Temperature (2m)","5181",1.28915537583479,0.151106841271567
"Weather","Temperature (2m)","5181",1.39618078770468,0.163651699887213
"Weather","Temperature (2m)","5181",1.50320619957457,0.17619655850286
"Weather","Temperature (2m)","5181",1.61023161144447,0.188741417118506
"Weather","Temperature (2m)","5181",1.71725702331436,0.201286275734153
"Weather","Temperature (2m)","5181",1.82428243518425,0.213831134349799
"Weather","Temperature (2m)","5181",1.93130784705414,0.226375992965446
"Weather","Temperature (2m)","5181",2.03833325892404,0.238920851581092
"Weather","Temperature (2m)","5181",2.14535867079393,0.251465710196739
"Weather","Temperature (2m)","5181",2.25238408266382,0.264010568812385
"Weather","Temperature (2m)","5181",2.35940949453372,0.276555427428032
"Weather","Temperature (2m)","5181",2.46643490640361,0.289100286043678
"Weather","Temperature (2m)","5181",2.5734603182735,0.301645144659325
"Weather","Temperature (2m)","5181",2.68048573014339,0.314190003274971
"Weather","Temperature (2m)","5181",2.78751114201329,0.326734861890617
"Weather","Temperature (2m)","5181",2.89453655388318,0.339279720506264
"Weather","Temperature (2m)","5181",3.00156196575307,0.35182457912191
"Weather","Temperature (2m)","5181",3.10858737762297,0.364369437737557
"Weather","Temperature (2m)","5181",3.21561278949286,0.376914296353203
"Weather","Temperature (2m)","5181",3.32263820136275,0.38945915496885
"Weather","Temperature (2m)","5181",3.42966361323264,0.402004013584496
"Weather","Temperature (2m)","5181",3.53668902510254,0.414548872200143
"Weather","Temperature (2m)","5264",-2.77781027522114,-0.180407698972062
"Weather","Temperature (2m)","5264",-2.67078486335125,-0.173456825307572
"Weather","Temperature (2m)","5264",-2.56375945148135,-0.166505951643082
"Weather","Temperature (2m)","5264",-2.45673403961146,-0.159555077978592
"Weather","Temperature (2m)","5264",-2.34970862774157,-0.152604204314102
"Weather","Temperature (2m)","5264",-2.24268321587167,-0.145653330649612
"Weather","Temperature (2m)","5264",-2.13565780400178,-0.138702456985122
"Weather","Temperature (2m)","5264",-2.02863239213189,-0.131751583320632
"Weather","Temperature (2m)","5264",-1.921606980262,-0.124800709656141
"Weather","Temperature (2m)","5264",-1.8145815683921,-0.117849835991651
"Weather","Temperature (2m)","5264",-1.70755615652221,-0.110898962327161
"Weather","Temperature (2m)","5264",-1.60053074465232,-0.103948088662671
"Weather","Temperature (2m)","5264",-1.49350533278243,-0.0969972149981811
"Weather","Temperature (2m)","5264",-1.38647992091253,-0.090046341333691
"Weather","Temperature (2m)","5264",-1.27945450904264,-0.0830954676692009
"Weather","Temperature (2m)","5264",-1.17242909717275,-0.0761445940047108
"Weather","Temperature (2m)","5264",-1.06540368530285,-0.0691937203402207
"Weather","Temperature (2m)","5264",-0.958378273432961,-0.0622428466757306
"Weather","Temperature (2m)","5264",-0.851352861563068,-0.0552919730112405
"Weather","Temperature (2m)","5264",-0.744327449693175,-0.0483410993467504
"Weather","Temperature (2m)","5264",-0.637302037823283,-0.0413902256822603
"Weather","Temperature (2m)","5264",-0.53027662595339,-0.0344393520177702
"Weather","Temperature (2m)","5264",-0.423251214083497,-0.0274884783532801
"Weather","Temperature (2m)","5264",-0.316225802213604,-0.02053760468879
"Weather","Temperature (2m)","5264",-0.209200390343711,-0.0135867310242999
"Weather","Temperature (2m)","5264",-0.102174978473819,-0.00663585735980984
"Weather","Temperature (2m)","5264",0.00485043339607438,0.000315016304680262
"Weather","Temperature (2m)","5264",0.111875845265967,0.00726588996917034
"Weather","Temperature (2m)","5264",0.21890125713586,0.0142167636336604
"Weather","Temperature (2m)","5264",0.325926669005753,0.0211676372981505
"Weather","Temperature (2m)","5264",0.432952080875646,0.0281185109626406
"Weather","Temperature (2m)","5264",0.539977492745538,0.0350693846271307
"Weather","Temperature (2m)","5264",0.647002904615431,0.0420202582916208
"Weather","Temperature (2m)","5264",0.754028316485324,0.0489711319561109
"Weather","Temperature (2m)","5264",0.861053728355217,0.055922005620601
"Weather","Temperature (2m)","5264",0.96807914022511,0.0628728792850911
"Weather","Temperature (2m)","5264",1.075104552095,0.0698237529495812
"Weather","Temperature (2m)","5264",1.1821299639649,0.0767746266140713
"Weather","Temperature (2m)","5264",1.28915537583479,0.0837255002785614
"Weather","Temperature (2m)","5264",1.39618078770468,0.0906763739430514
"Weather","Temperature (2m)","5264",1.50320619957457,0.0976272476075416
"Weather","Temperature (2m)","5264",1.61023161144447,0.104578121272032
"Weather","Temperature (2m)","5264",1.71725702331436,0.111528994936522
"Weather","Temperature (2m)","5264",1.82428243518425,0.118479868601012
"Weather","Temperature (2m)","5264",1.93130784705414,0.125430742265502
"Weather","Temperature (2m)","5264",2.03833325892404,0.132381615929992
"Weather","Temperature (2m)","5264",2.14535867079393,0.139332489594482
"Weather","Temperature (2m)","5264",2.25238408266382,0.146283363258972
"Weather","Temperature (2m)","5264",2.35940949453372,0.153234236923462
"Weather","Temperature (2m)","5264",2.46643490640361,0.160185110587952
"Weather","Temperature (2m)","5264",2.5734603182735,0.167135984252442
"Weather","Temperature (2m)","5264",2.68048573014339,0.174086857916933
"Weather","Temperature (2m)","5264",2.78751114201329,0.181037731581423
"Weather","Temperature (2m)","5264",2.89453655388318,0.187988605245913
"Weather","Temperature (2m)","5264",3.00156196575307,0.194939478910403
"Weather","Temperature (2m)","5264",3.10858737762297,0.201890352574893
"Weather","Temperature (2m)","5264",3.21561278949286,0.208841226239383
"Weather","Temperature (2m)","5264",3.32263820136275,0.215792099903873
"Weather","Temperature (2m)","5264",3.42966361323264,0.222742973568363
"Weather","Temperature (2m)","5264",3.53668902510254,0.229693847232853
"Weather","Temperature (2m)","5268",-2.77781027522114,-0.831654566873886
"Weather","Temperature (2m)","5268",-2.67078486335125,-0.799611999623296
"Weather","Temperature (2m)","5268",-2.56375945148135,-0.767569432372705
"Weather","Temperature (2m)","5268",-2.45673403961146,-0.735526865122114
"Weather","Temperature (2m)","5268",-2.34970862774157,-0.703484297871524
"Weather","Temperature (2m)","5268",-2.24268321587167,-0.671441730620933
"Weather","Temperature (2m)","5268",-2.13565780400178,-0.639399163370343
"Weather","Temperature (2m)","5268",-2.02863239213189,-0.607356596119752
"Weather","Temperature (2m)","5268",-1.921606980262,-0.575314028869161
"Weather","Temperature (2m)","5268",-1.8145815683921,-0.543271461618571
"Weather","Temperature (2m)","5268",-1.70755615652221,-0.51122889436798
"Weather","Temperature (2m)","5268",-1.60053074465232,-0.47918632711739
"Weather","Temperature (2m)","5268",-1.49350533278243,-0.447143759866799
"Weather","Temperature (2m)","5268",-1.38647992091253,-0.415101192616208
"Weather","Temperature (2m)","5268",-1.27945450904264,-0.383058625365618
"Weather","Temperature (2m)","5268",-1.17242909717275,-0.351016058115027
"Weather","Temperature (2m)","5268",-1.06540368530285,-0.318973490864436
"Weather","Temperature (2m)","5268",-0.958378273432961,-0.286930923613846
"Weather","Temperature (2m)","5268",-0.851352861563068,-0.254888356363255
"Weather","Temperature (2m)","5268",-0.744327449693175,-0.222845789112664
"Weather","Temperature (2m)","5268",-0.637302037823283,-0.190803221862074
"Weather","Temperature (2m)","5268",-0.53027662595339,-0.158760654611483
"Weather","Temperature (2m)","5268",-0.423251214083497,-0.126718087360893
"Weather","Temperature (2m)","5268",-0.316225802213604,-0.0946755201103019
"Weather","Temperature (2m)","5268",-0.209200390343711,-0.0626329528597112
"Weather","Temperature (2m)","5268",-0.102174978473819,-0.0305903856091207
"Weather","Temperature (2m)","5268",0.00485043339607438,0.00145218164147
"Weather","Temperature (2m)","5268",0.111875845265967,0.0334947488920606
"Weather","Temperature (2m)","5268",0.21890125713586,0.0655373161426512
"Weather","Temperature (2m)","5268",0.325926669005753,0.0975798833932418
"Weather","Temperature (2m)","5268",0.432952080875646,0.129622450643832
"Weather","Temperature (2m)","5268",0.539977492745538,0.161665017894423
"Weather","Temperature (2m)","5268",0.647002904615431,0.193707585145014
"Weather","Temperature (2m)","5268",0.754028316485324,0.225750152395604
"Weather","Temperature (2m)","5268",0.861053728355217,0.257792719646195
"Weather","Temperature (2m)","5268",0.96807914022511,0.289835286896786
"Weather","Temperature (2m)","5268",1.075104552095,0.321877854147376
"Weather","Temperature (2m)","5268",1.1821299639649,0.353920421397967
"Weather","Temperature (2m)","5268",1.28915537583479,0.385962988648558
"Weather","Temperature (2m)","5268",1.39618078770468,0.418005555899148
"Weather","Temperature (2m)","5268",1.50320619957457,0.450048123149739
"Weather","Temperature (2m)","5268",1.61023161144447,0.482090690400329
"Weather","Temperature (2m)","5268",1.71725702331436,0.51413325765092
"Weather","Temperature (2m)","5268",1.82428243518425,0.546175824901511
"Weather","Temperature (2m)","5268",1.93130784705414,0.578218392152101
"Weather","Temperature (2m)","5268",2.03833325892404,0.610260959402692
"Weather","Temperature (2m)","5268",2.14535867079393,0.642303526653282
"Weather","Temperature (2m)","5268",2.25238408266382,0.674346093903873
"Weather","Temperature (2m)","5268",2.35940949453372,0.706388661154464
"Weather","Temperature (2m)","5268",2.46643490640361,0.738431228405054
"Weather","Temperature (2m)","5268",2.5734603182735,0.770473795655645
"Weather","Temperature (2m)","5268",2.68048573014339,0.802516362906236
"Weather","Temperature (2m)","5268",2.78751114201329,0.834558930156826
"Weather","Temperature (2m)","5268",2.89453655388318,0.866601497407417
"Weather","Temperature (2m)","5268",3.00156196575307,0.898644064658008
"Weather","Temperature (2m)","5268",3.10858737762297,0.930686631908598
"Weather","Temperature (2m)","5268",3.21561278949286,0.962729199159189
"Weather","Temperature (2m)","5268",3.32263820136275,0.99477176640978
"Weather","Temperature (2m)","5268",3.42966361323264,1.02681433366037
"Weather","Temperature (2m)","5268",3.53668902510254,1.05885690091096
"Weather","Temperature (2m)","5270",-2.77781027522114,-0.565603563052138
"Weather","Temperature (2m)","5270",-2.67078486335125,-0.543811594453449
"Weather","Temperature (2m)","5270",-2.56375945148135,-0.522019625854761
"Weather","Temperature (2m)","5270",-2.45673403961146,-0.500227657256072
"Weather","Temperature (2m)","5270",-2.34970862774157,-0.478435688657383
"Weather","Temperature (2m)","5270",-2.24268321587167,-0.456643720058694
"Weather","Temperature (2m)","5270",-2.13565780400178,-0.434851751460006
"Weather","Temperature (2m)","5270",-2.02863239213189,-0.413059782861317
"Weather","Temperature (2m)","5270",-1.921606980262,-0.391267814262628
"Weather","Temperature (2m)","5270",-1.8145815683921,-0.369475845663939
"Weather","Temperature (2m)","5270",-1.70755615652221,-0.347683877065251
"Weather","Temperature (2m)","5270",-1.60053074465232,-0.325891908466562
"Weather","Temperature (2m)","5270",-1.49350533278243,-0.304099939867873
"Weather","Temperature (2m)","5270",-1.38647992091253,-0.282307971269185
"Weather","Temperature (2m)","5270",-1.27945450904264,-0.260516002670496
"Weather","Temperature (2m)","5270",-1.17242909717275,-0.238724034071807
"Weather","Temperature (2m)","5270",-1.06540368530285,-0.216932065473118
"Weather","Temperature (2m)","5270",-0.958378273432961,-0.19514009687443
"Weather","Temperature (2m)","5270",-0.851352861563068,-0.173348128275741
"Weather","Temperature (2m)","5270",-0.744327449693175,-0.151556159677052
"Weather","Temperature (2m)","5270",-0.637302037823283,-0.129764191078363
"Weather","Temperature (2m)","5270",-0.53027662595339,-0.107972222479675
"Weather","Temperature (2m)","5270",-0.423251214083497,-0.086180253880986
"Weather","Temperature (2m)","5270",-0.316225802213604,-0.0643882852822972
"Weather","Temperature (2m)","5270",-0.209200390343711,-0.0425963166836084
"Weather","Temperature (2m)","5270",-0.102174978473819,-0.0208043480849198
"Weather","Temperature (2m)","5270",0.00485043339607438,0.000987620513769016
"Weather","Temperature (2m)","5270",0.111875845265967,0.0227795891124577
"Weather","Temperature (2m)","5270",0.21890125713586,0.0445715577111465
"Weather","Temperature (2m)","5270",0.325926669005753,0.0663635263098351
"Weather","Temperature (2m)","5270",0.432952080875646,0.0881554949085239
"Weather","Temperature (2m)","5270",0.539977492745538,0.109947463507213
"Weather","Temperature (2m)","5270",0.647002904615431,0.131739432105901
"Weather","Temperature (2m)","5270",0.754028316485324,0.15353140070459
"Weather","Temperature (2m)","5270",0.861053728355217,0.175323369303279
"Weather","Temperature (2m)","5270",0.96807914022511,0.197115337901968
"Weather","Temperature (2m)","5270",1.075104552095,0.218907306500656
"Weather","Temperature (2m)","5270",1.1821299639649,0.240699275099345
"Weather","Temperature (2m)","5270",1.28915537583479,0.262491243698034
"Weather","Temperature (2m)","5270",1.39618078770468,0.284283212296722
"Weather","Temperature (2m)","5270",1.50320619957457,0.306075180895411
"Weather","Temperature (2m)","5270",1.61023161144447,0.3278671494941
"Weather","Temperature (2m)","5270",1.71725702331436,0.349659118092789
"Weather","Temperature (2m)","5270",1.82428243518425,0.371451086691478
"Weather","Temperature (2m)","5270",1.93130784705414,0.393243055290166
"Weather","Temperature (2m)","5270",2.03833325892404,0.415035023888855
"Weather","Temperature (2m)","5270",2.14535867079393,0.436826992487544
"Weather","Temperature (2m)","5270",2.25238408266382,0.458618961086232
"Weather","Temperature (2m)","5270",2.35940949453372,0.480410929684921
"Weather","Temperature (2m)","5270",2.46643490640361,0.50220289828361
"Weather","Temperature (2m)","5270",2.5734603182735,0.523994866882299
"Weather","Temperature (2m)","5270",2.68048573014339,0.545786835480987
"Weather","Temperature (2m)","5270",2.78751114201329,0.567578804079676
"Weather","Temperature (2m)","5270",2.89453655388318,0.589370772678365
"Weather","Temperature (2m)","5270",3.00156196575307,0.611162741277054
"Weather","Temperature (2m)","5270",3.10858737762297,0.632954709875742
"Weather","Temperature (2m)","5270",3.21561278949286,0.654746678474431
"Weather","Temperature (2m)","5270",3.32263820136275,0.67653864707312
"Weather","Temperature (2m)","5270",3.42966361323264,0.698330615671808
"Weather","Temperature (2m)","5270",3.53668902510254,0.720122584270497
"Weather","Temperature (2m)","5277",-2.77781027522114,-0.531926897897221
"Weather","Temperature (2m)","5277",-2.67078486335125,-0.511432447343865
"Weather","Temperature (2m)","5277",-2.56375945148135,-0.490937996790509
"Weather","Temperature (2m)","5277",-2.45673403961146,-0.470443546237153
"Weather","Temperature (2m)","5277",-2.34970862774157,-0.449949095683796
"Weather","Temperature (2m)","5277",-2.24268321587167,-0.42945464513044
"Weather","Temperature (2m)","5277",-2.13565780400178,-0.408960194577084
"Weather","Temperature (2m)","5277",-2.02863239213189,-0.388465744023728
"Weather","Temperature (2m)","5277",-1.921606980262,-0.367971293470371
"Weather","Temperature (2m)","5277",-1.8145815683921,-0.347476842917015
"Weather","Temperature (2m)","5277",-1.70755615652221,-0.326982392363659
"Weather","Temperature (2m)","5277",-1.60053074465232,-0.306487941810303
"Weather","Temperature (2m)","5277",-1.49350533278243,-0.285993491256946
"Weather","Temperature (2m)","5277",-1.38647992091253,-0.26549904070359
"Weather","Temperature (2m)","5277",-1.27945450904264,-0.245004590150234
"Weather","Temperature (2m)","5277",-1.17242909717275,-0.224510139596878
"Weather","Temperature (2m)","5277",-1.06540368530285,-0.204015689043521
"Weather","Temperature (2m)","5277",-0.958378273432961,-0.183521238490165
"Weather","Temperature (2m)","5277",-0.851352861563068,-0.163026787936809
"Weather","Temperature (2m)","5277",-0.744327449693175,-0.142532337383453
"Weather","Temperature (2m)","5277",-0.637302037823283,-0.122037886830096
"Weather","Temperature (2m)","5277",-0.53027662595339,-0.10154343627674
"Weather","Temperature (2m)","5277",-0.423251214083497,-0.081048985723384
"Weather","Temperature (2m)","5277",-0.316225802213604,-0.0605545351700277
"Weather","Temperature (2m)","5277",-0.209200390343711,-0.0400600846166714
"Weather","Temperature (2m)","5277",-0.102174978473819,-0.0195656340633152
"Weather","Temperature (2m)","5277",0.00485043339607438,0.000928816490041075
"Weather","Temperature (2m)","5277",0.111875845265967,0.0214232670433973
"Weather","Temperature (2m)","5277",0.21890125713586,0.0419177175967536
"Weather","Temperature (2m)","5277",0.325926669005753,0.0624121681501097
"Weather","Temperature (2m)","5277",0.432952080875646,0.082906618703466
"Weather","Temperature (2m)","5277",0.539977492745538,0.103401069256822
"Weather","Temperature (2m)","5277",0.647002904615431,0.123895519810179
"Weather","Temperature (2m)","5277",0.754028316485324,0.144389970363535
"Weather","Temperature (2m)","5277",0.861053728355217,0.164884420916891
"Weather","Temperature (2m)","5277",0.96807914022511,0.185378871470247
"Weather","Temperature (2m)","5277",1.075104552095,0.205873322023603
"Weather","Temperature (2m)","5277",1.1821299639649,0.22636777257696
"Weather","Temperature (2m)","5277",1.28915537583479,0.246862223130316
"Weather","Temperature (2m)","5277",1.39618078770468,0.267356673683672
"Weather","Temperature (2m)","5277",1.50320619957457,0.287851124237028
"Weather","Temperature (2m)","5277",1.61023161144447,0.308345574790385
"Weather","Temperature (2m)","5277",1.71725702331436,0.328840025343741
"Weather","Temperature (2m)","5277",1.82428243518425,0.349334475897097
"Weather","Temperature (2m)","5277",1.93130784705414,0.369828926450453
"Weather","Temperature (2m)","5277",2.03833325892404,0.39032337700381
"Weather","Temperature (2m)","5277",2.14535867079393,0.410817827557166
"Weather","Temperature (2m)","5277",2.25238408266382,0.431312278110522
"Weather","Temperature (2m)","5277",2.35940949453372,0.451806728663878
"Weather","Temperature (2m)","5277",2.46643490640361,0.472301179217235
"Weather","Temperature (2m)","5277",2.5734603182735,0.492795629770591
"Weather","Temperature (2m)","5277",2.68048573014339,0.513290080323947
"Weather","Temperature (2m)","5277",2.78751114201329,0.533784530877303
"Weather","Temperature (2m)","5277",2.89453655388318,0.55427898143066
"Weather","Temperature (2m)","5277",3.00156196575307,0.574773431984016
"Weather","Temperature (2m)","5277",3.10858737762297,0.595267882537372
"Weather","Temperature (2m)","5277",3.21561278949286,0.615762333090728
"Weather","Temperature (2m)","5277",3.32263820136275,0.636256783644085
"Weather","Temperature (2m)","5277",3.42966361323264,0.656751234197441
"Weather","Temperature (2m)","5277",3.53668902510254,0.677245684750797
"Weather","Temperature (2m)","5278",-2.77781027522114,-0.255054245168489
"Weather","Temperature (2m)","5278",-2.67078486335125,-0.245227337304471
"Weather","Temperature (2m)","5278",-2.56375945148135,-0.235400429440452
"Weather","Temperature (2m)","5278",-2.45673403961146,-0.225573521576433
"Weather","Temperature (2m)","5278",-2.34970862774157,-0.215746613712415
"Weather","Temperature (2m)","5278",-2.24268321587167,-0.205919705848396
"Weather","Temperature (2m)","5278",-2.13565780400178,-0.196092797984378
"Weather","Temperature (2m)","5278",-2.02863239213189,-0.186265890120359
"Weather","Temperature (2m)","5278",-1.921606980262,-0.176438982256341
"Weather","Temperature (2m)","5278",-1.8145815683921,-0.166612074392322
"Weather","Temperature (2m)","5278",-1.70755615652221,-0.156785166528304
"Weather","Temperature (2m)","5278",-1.60053074465232,-0.146958258664285
"Weather","Temperature (2m)","5278",-1.49350533278243,-0.137131350800266
"Weather","Temperature (2m)","5278",-1.38647992091253,-0.127304442936248
"Weather","Temperature (2m)","5278",-1.27945450904264,-0.117477535072229
"Weather","Temperature (2m)","5278",-1.17242909717275,-0.107650627208211
"Weather","Temperature (2m)","5278",-1.06540368530285,-0.0978237193441922
"Weather","Temperature (2m)","5278",-0.958378273432961,-0.0879968114801736
"Weather","Temperature (2m)","5278",-0.851352861563068,-0.0781699036161551
"Weather","Temperature (2m)","5278",-0.744327449693175,-0.0683429957521365
"Weather","Temperature (2m)","5278",-0.637302037823283,-0.058516087888118
"Weather","Temperature (2m)","5278",-0.53027662595339,-0.0486891800240994
"Weather","Temperature (2m)","5278",-0.423251214083497,-0.0388622721600808
"Weather","Temperature (2m)","5278",-0.316225802213604,-0.0290353642960623
"Weather","Temperature (2m)","5278",-0.209200390343711,-0.0192084564320437
"Weather","Temperature (2m)","5278",-0.102174978473819,-0.00938154856802515
"Weather","Temperature (2m)","5278",0.00485043339607438,0.000445359295993423
"Weather","Temperature (2m)","5278",0.111875845265967,0.010272267160012
"Weather","Temperature (2m)","5278",0.21890125713586,0.0200991750240305
"Weather","Temperature (2m)","5278",0.325926669005753,0.0299260828880491
"Weather","Temperature (2m)","5278",0.432952080875646,0.0397529907520677
"Weather","Temperature (2m)","5278",0.539977492745538,0.0495798986160862
"Weather","Temperature (2m)","5278",0.647002904615431,0.0594068064801048
"Weather","Temperature (2m)","5278",0.754028316485324,0.0692337143441234
"Weather","Temperature (2m)","5278",0.861053728355217,0.0790606222081419
"Weather","Temperature (2m)","5278",0.96807914022511,0.0888875300721605
"Weather","Temperature (2m)","5278",1.075104552095,0.098714437936179
"Weather","Temperature (2m)","5278",1.1821299639649,0.108541345800198
"Weather","Temperature (2m)","5278",1.28915537583479,0.118368253664216
"Weather","Temperature (2m)","5278",1.39618078770468,0.128195161528235
"Weather","Temperature (2m)","5278",1.50320619957457,0.138022069392253
"Weather","Temperature (2m)","5278",1.61023161144447,0.147848977256272
"Weather","Temperature (2m)","5278",1.71725702331436,0.15767588512029
"Weather","Temperature (2m)","5278",1.82428243518425,0.167502792984309
"Weather","Temperature (2m)","5278",1.93130784705414,0.177329700848327
"Weather","Temperature (2m)","5278",2.03833325892404,0.187156608712346
"Weather","Temperature (2m)","5278",2.14535867079393,0.196983516576365
"Weather","Temperature (2m)","5278",2.25238408266382,0.206810424440383
"Weather","Temperature (2m)","5278",2.35940949453372,0.216637332304402
"Weather","Temperature (2m)","5278",2.46643490640361,0.22646424016842
"Weather","Temperature (2m)","5278",2.5734603182735,0.236291148032439
"Weather","Temperature (2m)","5278",2.68048573014339,0.246118055896457
"Weather","Temperature (2m)","5278",2.78751114201329,0.255944963760476
"Weather","Temperature (2m)","5278",2.89453655388318,0.265771871624495
"Weather","Temperature (2m)","5278",3.00156196575307,0.275598779488513
"Weather","Temperature (2m)","5278",3.10858737762297,0.285425687352532
"Weather","Temperature (2m)","5278",3.21561278949286,0.29525259521655
"Weather","Temperature (2m)","5278",3.32263820136275,0.305079503080569
"Weather","Temperature (2m)","5278",3.42966361323264,0.314906410944587
"Weather","Temperature (2m)","5278",3.53668902510254,0.324733318808606
"Weather","Temperature (2m)","5282",-2.77781027522114,-0.382974804055924
"Weather","Temperature (2m)","5282",-2.67078486335125,-0.368219283671576
"Weather","Temperature (2m)","5282",-2.56375945148135,-0.353463763287229
"Weather","Temperature (2m)","5282",-2.45673403961146,-0.33870824290288
"Weather","Temperature (2m)","5282",-2.34970862774157,-0.323952722518533
"Weather","Temperature (2m)","5282",-2.24268321587167,-0.309197202134185
"Weather","Temperature (2m)","5282",-2.13565780400178,-0.294441681749836
"Weather","Temperature (2m)","5282",-2.02863239213189,-0.279686161365489
"Weather","Temperature (2m)","5282",-1.921606980262,-0.264930640981141
"Weather","Temperature (2m)","5282",-1.8145815683921,-0.250175120596793
"Weather","Temperature (2m)","5282",-1.70755615652221,-0.235419600212445
"Weather","Temperature (2m)","5282",-1.60053074465232,-0.220664079828097
"Weather","Temperature (2m)","5282",-1.49350533278243,-0.205908559443749
"Weather","Temperature (2m)","5282",-1.38647992091253,-0.191153039059401
"Weather","Temperature (2m)","5282",-1.27945450904264,-0.176397518675053
"Weather","Temperature (2m)","5282",-1.17242909717275,-0.161641998290705
"Weather","Temperature (2m)","5282",-1.06540368530285,-0.146886477906357
"Weather","Temperature (2m)","5282",-0.958378273432961,-0.132130957522009
"Weather","Temperature (2m)","5282",-0.851352861563068,-0.117375437137661
"Weather","Temperature (2m)","5282",-0.744327449693175,-0.102619916753313
"Weather","Temperature (2m)","5282",-0.637302037823283,-0.0878643963689647
"Weather","Temperature (2m)","5282",-0.53027662595339,-0.0731088759846167
"Weather","Temperature (2m)","5282",-0.423251214083497,-0.0583533556002687
"Weather","Temperature (2m)","5282",-0.316225802213604,-0.0435978352159207
"Weather","Temperature (2m)","5282",-0.209200390343711,-0.0288423148315727
"Weather","Temperature (2m)","5282",-0.102174978473819,-0.0140867944472247
"Weather","Temperature (2m)","5282",0.00485043339607438,0.000668725937123268
"Weather","Temperature (2m)","5282",0.111875845265967,0.0154242463214712
"Weather","Temperature (2m)","5282",0.21890125713586,0.0301797667058192
"Weather","Temperature (2m)","5282",0.325926669005753,0.0449352870901672
"Weather","Temperature (2m)","5282",0.432952080875646,0.0596908074745152
"Weather","Temperature (2m)","5282",0.539977492745538,0.0744463278588632
"Weather","Temperature (2m)","5282",0.647002904615431,0.0892018482432112
"Weather","Temperature (2m)","5282",0.754028316485324,0.103957368627559
"Weather","Temperature (2m)","5282",0.861053728355217,0.118712889011907
"Weather","Temperature (2m)","5282",0.96807914022511,0.133468409396255
"Weather","Temperature (2m)","5282",1.075104552095,0.148223929780603
"Weather","Temperature (2m)","5282",1.1821299639649,0.162979450164951
"Weather","Temperature (2m)","5282",1.28915537583479,0.177734970549299
"Weather","Temperature (2m)","5282",1.39618078770468,0.192490490933647
"Weather","Temperature (2m)","5282",1.50320619957457,0.207246011317995
"Weather","Temperature (2m)","5282",1.61023161144447,0.222001531702343
"Weather","Temperature (2m)","5282",1.71725702331436,0.236757052086691
"Weather","Temperature (2m)","5282",1.82428243518425,0.251512572471039
"Weather","Temperature (2m)","5282",1.93130784705414,0.266268092855387
"Weather","Temperature (2m)","5282",2.03833325892404,0.281023613239735
"Weather","Temperature (2m)","5282",2.14535867079393,0.295779133624083
"Weather","Temperature (2m)","5282",2.25238408266382,0.310534654008431
"Weather","Temperature (2m)","5282",2.35940949453372,0.325290174392779
"Weather","Temperature (2m)","5282",2.46643490640361,0.340045694777127
"Weather","Temperature (2m)","5282",2.5734603182735,0.354801215161475
"Weather","Temperature (2m)","5282",2.68048573014339,0.369556735545823
"Weather","Temperature (2m)","5282",2.78751114201329,0.384312255930171
"Weather","Temperature (2m)","5282",2.89453655388318,0.399067776314519
"Weather","Temperature (2m)","5282",3.00156196575307,0.413823296698867
"Weather","Temperature (2m)","5282",3.10858737762297,0.428578817083215
"Weather","Temperature (2m)","5282",3.21561278949286,0.443334337467563
"Weather","Temperature (2m)","5282",3.32263820136275,0.458089857851911
"Weather","Temperature (2m)","5282",3.42966361323264,0.472845378236259
"Weather","Temperature (2m)","5282",3.53668902510254,0.487600898620607
"Weather","Temperature (2m)","5284",-2.77781027522114,-0.569367151941831
"Weather","Temperature (2m)","5284",-2.67078486335125,-0.547430177165211
"Weather","Temperature (2m)","5284",-2.56375945148135,-0.525493202388591
"Weather","Temperature (2m)","5284",-2.45673403961146,-0.503556227611971
"Weather","Temperature (2m)","5284",-2.34970862774157,-0.481619252835351
"Weather","Temperature (2m)","5284",-2.24268321587167,-0.45968227805873
"Weather","Temperature (2m)","5284",-2.13565780400178,-0.43774530328211
"Weather","Temperature (2m)","5284",-2.02863239213189,-0.41580832850549
"Weather","Temperature (2m)","5284",-1.921606980262,-0.39387135372887
"Weather","Temperature (2m)","5284",-1.8145815683921,-0.37193437895225
"Weather","Temperature (2m)","5284",-1.70755615652221,-0.34999740417563
"Weather","Temperature (2m)","5284",-1.60053074465232,-0.32806042939901
"Weather","Temperature (2m)","5284",-1.49350533278243,-0.30612345462239
"Weather","Temperature (2m)","5284",-1.38647992091253,-0.28418647984577
"Weather","Temperature (2m)","5284",-1.27945450904264,-0.262249505069149
"Weather","Temperature (2m)","5284",-1.17242909717275,-0.240312530292529
"Weather","Temperature (2m)","5284",-1.06540368530285,-0.218375555515909
"Weather","Temperature (2m)","5284",-0.958378273432961,-0.196438580739289
"Weather","Temperature (2m)","5284",-0.851352861563068,-0.174501605962669
"Weather","Temperature (2m)","5284",-0.744327449693175,-0.152564631186049
"Weather","Temperature (2m)","5284",-0.637302037823283,-0.130627656409429
"Weather","Temperature (2m)","5284",-0.53027662595339,-0.108690681632809
"Weather","Temperature (2m)","5284",-0.423251214083497,-0.0867537068561885
"Weather","Temperature (2m)","5284",-0.316225802213604,-0.0648167320795684
"Weather","Temperature (2m)","5284",-0.209200390343711,-0.0428797573029482
"Weather","Temperature (2m)","5284",-0.102174978473819,-0.0209427825263281
"Weather","Temperature (2m)","5284",0.00485043339607438,0.000994192250292025
"Weather","Temperature (2m)","5284",0.111875845265967,0.0229311670269121
"Weather","Temperature (2m)","5284",0.21890125713586,0.0448681418035322
"Weather","Temperature (2m)","5284",0.325926669005753,0.0668051165801523
"Weather","Temperature (2m)","5284",0.432952080875646,0.0887420913567725
"Weather","Temperature (2m)","5284",0.539977492745538,0.110679066133393
"Weather","Temperature (2m)","5284",0.647002904615431,0.132616040910013
"Weather","Temperature (2m)","5284",0.754028316485324,0.154553015686633
"Weather","Temperature (2m)","5284",0.861053728355217,0.176489990463253
"Weather","Temperature (2m)","5284",0.96807914022511,0.198426965239873
"Weather","Temperature (2m)","5284",1.075104552095,0.220363940016493
"Weather","Temperature (2m)","5284",1.1821299639649,0.242300914793113
"Weather","Temperature (2m)","5284",1.28915537583479,0.264237889569733
"Weather","Temperature (2m)","5284",1.39618078770468,0.286174864346353
"Weather","Temperature (2m)","5284",1.50320619957457,0.308111839122974
"Weather","Temperature (2m)","5284",1.61023161144447,0.330048813899594
"Weather","Temperature (2m)","5284",1.71725702331436,0.351985788676214
"Weather","Temperature (2m)","5284",1.82428243518425,0.373922763452834
"Weather","Temperature (2m)","5284",1.93130784705414,0.395859738229454
"Weather","Temperature (2m)","5284",2.03833325892404,0.417796713006074
"Weather","Temperature (2m)","5284",2.14535867079393,0.439733687782694
"Weather","Temperature (2m)","5284",2.25238408266382,0.461670662559314
"Weather","Temperature (2m)","5284",2.35940949453372,0.483607637335935
"Weather","Temperature (2m)","5284",2.46643490640361,0.505544612112555
"Weather","Temperature (2m)","5284",2.5734603182735,0.527481586889175
"Weather","Temperature (2m)","5284",2.68048573014339,0.549418561665795
"Weather","Temperature (2m)","5284",2.78751114201329,0.571355536442415
"Weather","Temperature (2m)","5284",2.89453655388318,0.593292511219035
"Weather","Temperature (2m)","5284",3.00156196575307,0.615229485995655
"Weather","Temperature (2m)","5284",3.10858737762297,0.637166460772275
"Weather","Temperature (2m)","5284",3.21561278949286,0.659103435548895
"Weather","Temperature (2m)","5284",3.32263820136275,0.681040410325516
"Weather","Temperature (2m)","5284",3.42966361323264,0.702977385102136
"Weather","Temperature (2m)","5284",3.53668902510254,0.724914359878756
"Weather","Temperature (2m)","5285",-2.77781027522114,-0.374768125682916
"Weather","Temperature (2m)","5285",-2.67078486335125,-0.360328797927269
"Weather","Temperature (2m)","5285",-2.56375945148135,-0.345889470171622
"Weather","Temperature (2m)","5285",-2.45673403961146,-0.331450142415975
"Weather","Temperature (2m)","5285",-2.34970862774157,-0.317010814660328
"Weather","Temperature (2m)","5285",-2.24268321587167,-0.302571486904681
"Weather","Temperature (2m)","5285",-2.13565780400178,-0.288132159149034
"Weather","Temperature (2m)","5285",-2.02863239213189,-0.273692831393387
"Weather","Temperature (2m)","5285",-1.921606980262,-0.25925350363774
"Weather","Temperature (2m)","5285",-1.8145815683921,-0.244814175882093
"Weather","Temperature (2m)","5285",-1.70755615652221,-0.230374848126446
"Weather","Temperature (2m)","5285",-1.60053074465232,-0.2159355203708
"Weather","Temperature (2m)","5285",-1.49350533278243,-0.201496192615153
"Weather","Temperature (2m)","5285",-1.38647992091253,-0.187056864859506
"Weather","Temperature (2m)","5285",-1.27945450904264,-0.172617537103859
"Weather","Temperature (2m)","5285",-1.17242909717275,-0.158178209348212
"Weather","Temperature (2m)","5285",-1.06540368530285,-0.143738881592565
"Weather","Temperature (2m)","5285",-0.958378273432961,-0.129299553836918
"Weather","Temperature (2m)","5285",-0.851352861563068,-0.114860226081271
"Weather","Temperature (2m)","5285",-0.744327449693175,-0.100420898325624
"Weather","Temperature (2m)","5285",-0.637302037823283,-0.0859815705699773
"Weather","Temperature (2m)","5285",-0.53027662595339,-0.0715422428143303
"Weather","Temperature (2m)","5285",-0.423251214083497,-0.0571029150586834
"Weather","Temperature (2m)","5285",-0.316225802213604,-0.0426635873030365
"Weather","Temperature (2m)","5285",-0.209200390343711,-0.0282242595473895
"Weather","Temperature (2m)","5285",-0.102174978473819,-0.0137849317917426
"Weather","Temperature (2m)","5285",0.00485043339607438,0.000654395963904303
"Weather","Temperature (2m)","5285",0.111875845265967,0.0150937237195512
"Weather","Temperature (2m)","5285",0.21890125713586,0.0295330514751981
"Weather","Temperature (2m)","5285",0.325926669005753,0.043972379230845
"Weather","Temperature (2m)","5285",0.432952080875646,0.058411706986492
"Weather","Temperature (2m)","5285",0.539977492745538,0.0728510347421389
"Weather","Temperature (2m)","5285",0.647002904615431,0.0872903624977858
"Weather","Temperature (2m)","5285",0.754028316485324,0.101729690253433
"Weather","Temperature (2m)","5285",0.861053728355217,0.11616901800908
"Weather","Temperature (2m)","5285",0.96807914022511,0.130608345764727
"Weather","Temperature (2m)","5285",1.075104552095,0.145047673520373
"Weather","Temperature (2m)","5285",1.1821299639649,0.15948700127602
"Weather","Temperature (2m)","5285",1.28915537583479,0.173926329031667
"Weather","Temperature (2m)","5285",1.39618078770468,0.188365656787314
"Weather","Temperature (2m)","5285",1.50320619957457,0.202804984542961
"Weather","Temperature (2m)","5285",1.61023161144447,0.217244312298608
"Weather","Temperature (2m)","5285",1.71725702331436,0.231683640054255
"Weather","Temperature (2m)","5285",1.82428243518425,0.246122967809902
"Weather","Temperature (2m)","5285",1.93130784705414,0.260562295565549
"Weather","Temperature (2m)","5285",2.03833325892404,0.275001623321196
"Weather","Temperature (2m)","5285",2.14535867079393,0.289440951076843
"Weather","Temperature (2m)","5285",2.25238408266382,0.30388027883249
"Weather","Temperature (2m)","5285",2.35940949453372,0.318319606588137
"Weather","Temperature (2m)","5285",2.46643490640361,0.332758934343783
"Weather","Temperature (2m)","5285",2.5734603182735,0.34719826209943
"Weather","Temperature (2m)","5285",2.68048573014339,0.361637589855077
"Weather","Temperature (2m)","5285",2.78751114201329,0.376076917610724
"Weather","Temperature (2m)","5285",2.89453655388318,0.390516245366371
"Weather","Temperature (2m)","5285",3.00156196575307,0.404955573122018
"Weather","Temperature (2m)","5285",3.10858737762297,0.419394900877665
"Weather","Temperature (2m)","5285",3.21561278949286,0.433834228633312
"Weather","Temperature (2m)","5285",3.32263820136275,0.448273556388959
"Weather","Temperature (2m)","5285",3.42966361323264,0.462712884144606
"Weather","Temperature (2m)","5285",3.53668902510254,0.477152211900253
"Weather","Temperature (2m)","5301",-2.77781027522114,-0.015223227188186
"Weather","Temperature (2m)","5301",-2.67078486335125,-0.0146366960725306
"Weather","Temperature (2m)","5301",-2.56375945148135,-0.0140501649568752
"Weather","Temperature (2m)","5301",-2.45673403961146,-0.0134636338412198
"Weather","Temperature (2m)","5301",-2.34970862774157,-0.0128771027255643
"Weather","Temperature (2m)","5301",-2.24268321587167,-0.0122905716099089
"Weather","Temperature (2m)","5301",-2.13565780400178,-0.0117040404942535
"Weather","Temperature (2m)","5301",-2.02863239213189,-0.0111175093785981
"Weather","Temperature (2m)","5301",-1.921606980262,-0.0105309782629426
"Weather","Temperature (2m)","5301",-1.8145815683921,-0.00994444714728721
"Weather","Temperature (2m)","5301",-1.70755615652221,-0.00935791603163178
"Weather","Temperature (2m)","5301",-1.60053074465232,-0.00877138491597636
"Weather","Temperature (2m)","5301",-1.49350533278243,-0.00818485380032093
"Weather","Temperature (2m)","5301",-1.38647992091253,-0.0075983226846655
"Weather","Temperature (2m)","5301",-1.27945450904264,-0.00701179156901008
"Weather","Temperature (2m)","5301",-1.17242909717275,-0.00642526045335465
"Weather","Temperature (2m)","5301",-1.06540368530285,-0.00583872933769922
"Weather","Temperature (2m)","5301",-0.958378273432961,-0.0052521982220438
"Weather","Temperature (2m)","5301",-0.851352861563068,-0.00466566710638837
"Weather","Temperature (2m)","5301",-0.744327449693175,-0.00407913599073294
"Weather","Temperature (2m)","5301",-0.637302037823283,-0.00349260487507752
"Weather","Temperature (2m)","5301",-0.53027662595339,-0.00290607375942209
"Weather","Temperature (2m)","5301",-0.423251214083497,-0.00231954264376666
"Weather","Temperature (2m)","5301",-0.316225802213604,-0.00173301152811124
"Weather","Temperature (2m)","5301",-0.209200390343711,-0.00114648041245581
"Weather","Temperature (2m)","5301",-0.102174978473819,-0.000559949296800385
"Weather","Temperature (2m)","5301",0.00485043339607438,2.65818188550429e-05
"Weather","Temperature (2m)","5301",0.111875845265967,0.000613112934510468
"Weather","Temperature (2m)","5301",0.21890125713586,0.0011996440501659
"Weather","Temperature (2m)","5301",0.325926669005753,0.00178617516582132
"Weather","Temperature (2m)","5301",0.432952080875646,0.00237270628147675
"Weather","Temperature (2m)","5301",0.539977492745538,0.00295923739713217
"Weather","Temperature (2m)","5301",0.647002904615431,0.0035457685127876
"Weather","Temperature (2m)","5301",0.754028316485324,0.00413229962844303
"Weather","Temperature (2m)","5301",0.861053728355217,0.00471883074409845
"Weather","Temperature (2m)","5301",0.96807914022511,0.00530536185975388
"Weather","Temperature (2m)","5301",1.075104552095,0.00589189297540931
"Weather","Temperature (2m)","5301",1.1821299639649,0.00647842409106473
"Weather","Temperature (2m)","5301",1.28915537583479,0.00706495520672016
"Weather","Temperature (2m)","5301",1.39618078770468,0.00765148632237558
"Weather","Temperature (2m)","5301",1.50320619957457,0.00823801743803101
"Weather","Temperature (2m)","5301",1.61023161144447,0.00882454855368644
"Weather","Temperature (2m)","5301",1.71725702331436,0.00941107966934187
"Weather","Temperature (2m)","5301",1.82428243518425,0.00999761078499729
"Weather","Temperature (2m)","5301",1.93130784705414,0.0105841419006527
"Weather","Temperature (2m)","5301",2.03833325892404,0.0111706730163081
"Weather","Temperature (2m)","5301",2.14535867079393,0.0117572041319636
"Weather","Temperature (2m)","5301",2.25238408266382,0.012343735247619
"Weather","Temperature (2m)","5301",2.35940949453372,0.0129302663632744
"Weather","Temperature (2m)","5301",2.46643490640361,0.0135167974789298
"Weather","Temperature (2m)","5301",2.5734603182735,0.0141033285945853
"Weather","Temperature (2m)","5301",2.68048573014339,0.0146898597102407
"Weather","Temperature (2m)","5301",2.78751114201329,0.0152763908258961
"Weather","Temperature (2m)","5301",2.89453655388318,0.0158629219415516
"Weather","Temperature (2m)","5301",3.00156196575307,0.016449453057207
"Weather","Temperature (2m)","5301",3.10858737762297,0.0170359841728624
"Weather","Temperature (2m)","5301",3.21561278949286,0.0176225152885178
"Weather","Temperature (2m)","5301",3.32263820136275,0.0182090464041733
"Weather","Temperature (2m)","5301",3.42966361323264,0.0187955775198287
"Weather","Temperature (2m)","5301",3.53668902510254,0.0193821086354841
"Weather","Temperature (2m)","5303",-2.77781027522114,-0.347901427800675
"Weather","Temperature (2m)","5303",-2.67078486335125,-0.334497238921171
"Weather","Temperature (2m)","5303",-2.56375945148135,-0.321093050041667
"Weather","Temperature (2m)","5303",-2.45673403961146,-0.307688861162163
"Weather","Temperature (2m)","5303",-2.34970862774157,-0.294284672282659
"Weather","Temperature (2m)","5303",-2.24268321587167,-0.280880483403155
"Weather","Temperature (2m)","5303",-2.13565780400178,-0.267476294523651
"Weather","Temperature (2m)","5303",-2.02863239213189,-0.254072105644147
"Weather","Temperature (2m)","5303",-1.921606980262,-0.240667916764643
"Weather","Temperature (2m)","5303",-1.8145815683921,-0.227263727885139
"Weather","Temperature (2m)","5303",-1.70755615652221,-0.213859539005635
"Weather","Temperature (2m)","5303",-1.60053074465232,-0.200455350126131
"Weather","Temperature (2m)","5303",-1.49350533278243,-0.187051161246627
"Weather","Temperature (2m)","5303",-1.38647992091253,-0.173646972367124
"Weather","Temperature (2m)","5303",-1.27945450904264,-0.16024278348762
"Weather","Temperature (2m)","5303",-1.17242909717275,-0.146838594608116
"Weather","Temperature (2m)","5303",-1.06540368530285,-0.133434405728612
"Weather","Temperature (2m)","5303",-0.958378273432961,-0.120030216849108
"Weather","Temperature (2m)","5303",-0.851352861563068,-0.106626027969604
"Weather","Temperature (2m)","5303",-0.744327449693175,-0.0932218390900998
"Weather","Temperature (2m)","5303",-0.637302037823283,-0.0798176502105958
"Weather","Temperature (2m)","5303",-0.53027662595339,-0.0664134613310919
"Weather","Temperature (2m)","5303",-0.423251214083497,-0.0530092724515879
"Weather","Temperature (2m)","5303",-0.316225802213604,-0.039605083572084
"Weather","Temperature (2m)","5303",-0.209200390343711,-0.02620089469258
"Weather","Temperature (2m)","5303",-0.102174978473819,-0.012796705813076
"Weather","Temperature (2m)","5303",0.00485043339607438,0.000607483066427932
"Weather","Temperature (2m)","5303",0.111875845265967,0.0140116719459319
"Weather","Temperature (2m)","5303",0.21890125713586,0.0274158608254358
"Weather","Temperature (2m)","5303",0.325926669005753,0.0408200497049398
"Weather","Temperature (2m)","5303",0.432952080875646,0.0542242385844437
"Weather","Temperature (2m)","5303",0.539977492745538,0.0676284274639477
"Weather","Temperature (2m)","5303",0.647002904615431,0.0810326163434517
"Weather","Temperature (2m)","5303",0.754028316485324,0.0944368052229556
"Weather","Temperature (2m)","5303",0.861053728355217,0.10784099410246
"Weather","Temperature (2m)","5303",0.96807914022511,0.121245182981964
"Weather","Temperature (2m)","5303",1.075104552095,0.134649371861467
"Weather","Temperature (2m)","5303",1.1821299639649,0.148053560740971
"Weather","Temperature (2m)","5303",1.28915537583479,0.161457749620475
"Weather","Temperature (2m)","5303",1.39618078770468,0.174861938499979
"Weather","Temperature (2m)","5303",1.50320619957457,0.188266127379483
"Weather","Temperature (2m)","5303",1.61023161144447,0.201670316258987
"Weather","Temperature (2m)","5303",1.71725702331436,0.215074505138491
"Weather","Temperature (2m)","5303",1.82428243518425,0.228478694017995
"Weather","Temperature (2m)","5303",1.93130784705414,0.241882882897499
"Weather","Temperature (2m)","5303",2.03833325892404,0.255287071777003
"Weather","Temperature (2m)","5303",2.14535867079393,0.268691260656507
"Weather","Temperature (2m)","5303",2.25238408266382,0.282095449536011
"Weather","Temperature (2m)","5303",2.35940949453372,0.295499638415515
"Weather","Temperature (2m)","5303",2.46643490640361,0.308903827295019
"Weather","Temperature (2m)","5303",2.5734603182735,0.322308016174523
"Weather","Temperature (2m)","5303",2.68048573014339,0.335712205054027
"Weather","Temperature (2m)","5303",2.78751114201329,0.349116393933531
"Weather","Temperature (2m)","5303",2.89453655388318,0.362520582813035
"Weather","Temperature (2m)","5303",3.00156196575307,0.375924771692539
"Weather","Temperature (2m)","5303",3.10858737762297,0.389328960572043
"Weather","Temperature (2m)","5303",3.21561278949286,0.402733149451547
"Weather","Temperature (2m)","5303",3.32263820136275,0.416137338331051
"Weather","Temperature (2m)","5303",3.42966361323264,0.429541527210554
"Weather","Temperature (2m)","5303",3.53668902510254,0.442945716090058
"Weather","Temperature (2m)","5308",-2.77781027522114,-0.451804152166273
"Weather","Temperature (2m)","5308",-2.67078486335125,-0.434396726647886
"Weather","Temperature (2m)","5308",-2.56375945148135,-0.416989301129498
"Weather","Temperature (2m)","5308",-2.45673403961146,-0.399581875611111
"Weather","Temperature (2m)","5308",-2.34970862774157,-0.382174450092724
"Weather","Temperature (2m)","5308",-2.24268321587167,-0.364767024574336
"Weather","Temperature (2m)","5308",-2.13565780400178,-0.347359599055949
"Weather","Temperature (2m)","5308",-2.02863239213189,-0.329952173537561
"Weather","Temperature (2m)","5308",-1.921606980262,-0.312544748019174
"Weather","Temperature (2m)","5308",-1.8145815683921,-0.295137322500787
"Weather","Temperature (2m)","5308",-1.70755615652221,-0.277729896982399
"Weather","Temperature (2m)","5308",-1.60053074465232,-0.260322471464012
"Weather","Temperature (2m)","5308",-1.49350533278243,-0.242915045945625
"Weather","Temperature (2m)","5308",-1.38647992091253,-0.225507620427237
"Weather","Temperature (2m)","5308",-1.27945450904264,-0.20810019490885
"Weather","Temperature (2m)","5308",-1.17242909717275,-0.190692769390462
"Weather","Temperature (2m)","5308",-1.06540368530285,-0.173285343872075
"Weather","Temperature (2m)","5308",-0.958378273432961,-0.155877918353688
"Weather","Temperature (2m)","5308",-0.851352861563068,-0.1384704928353
"Weather","Temperature (2m)","5308",-0.744327449693175,-0.121063067316913
"Weather","Temperature (2m)","5308",-0.637302037823283,-0.103655641798526
"Weather","Temperature (2m)","5308",-0.53027662595339,-0.0862482162801382
"Weather","Temperature (2m)","5308",-0.423251214083497,-0.0688407907617509
"Weather","Temperature (2m)","5308",-0.316225802213604,-0.0514333652433635
"Weather","Temperature (2m)","5308",-0.209200390343711,-0.0340259397249761
"Weather","Temperature (2m)","5308",-0.102174978473819,-0.0166185142065888
"Weather","Temperature (2m)","5308",0.00485043339607438,0.000788911311798609
"Weather","Temperature (2m)","5308",0.111875845265967,0.0181963368301859
"Weather","Temperature (2m)","5308",0.21890125713586,0.0356037623485733
"Weather","Temperature (2m)","5308",0.325926669005753,0.0530111878669607
"Weather","Temperature (2m)","5308",0.432952080875646,0.0704186133853481
"Weather","Temperature (2m)","5308",0.539977492745538,0.0878260389037354
"Weather","Temperature (2m)","5308",0.647002904615431,0.105233464422123
"Weather","Temperature (2m)","5308",0.754028316485324,0.12264088994051
"Weather","Temperature (2m)","5308",0.861053728355217,0.140048315458898
"Weather","Temperature (2m)","5308",0.96807914022511,0.157455740977285
"Weather","Temperature (2m)","5308",1.075104552095,0.174863166495672
"Weather","Temperature (2m)","5308",1.1821299639649,0.19227059201406
"Weather","Temperature (2m)","5308",1.28915537583479,0.209678017532447
"Weather","Temperature (2m)","5308",1.39618078770468,0.227085443050834
"Weather","Temperature (2m)","5308",1.50320619957457,0.244492868569222
"Weather","Temperature (2m)","5308",1.61023161144447,0.261900294087609
"Weather","Temperature (2m)","5308",1.71725702331436,0.279307719605996
"Weather","Temperature (2m)","5308",1.82428243518425,0.296715145124384
"Weather","Temperature (2m)","5308",1.93130784705414,0.314122570642771
"Weather","Temperature (2m)","5308",2.03833325892404,0.331529996161159
"Weather","Temperature (2m)","5308",2.14535867079393,0.348937421679546
"Weather","Temperature (2m)","5308",2.25238408266382,0.366344847197933
"Weather","Temperature (2m)","5308",2.35940949453372,0.383752272716321
"Weather","Temperature (2m)","5308",2.46643490640361,0.401159698234708
"Weather","Temperature (2m)","5308",2.5734603182735,0.418567123753095
"Weather","Temperature (2m)","5308",2.68048573014339,0.435974549271483
"Weather","Temperature (2m)","5308",2.78751114201329,0.45338197478987
"Weather","Temperature (2m)","5308",2.89453655388318,0.470789400308257
"Weather","Temperature (2m)","5308",3.00156196575307,0.488196825826645
"Weather","Temperature (2m)","5308",3.10858737762297,0.505604251345032
"Weather","Temperature (2m)","5308",3.21561278949286,0.52301167686342
"Weather","Temperature (2m)","5308",3.32263820136275,0.540419102381807
"Weather","Temperature (2m)","5308",3.42966361323264,0.557826527900194
"Weather","Temperature (2m)","5308",3.53668902510254,0.575233953418582
"Weather","Temperature (2m)","5439",-2.77781027522114,-1.02198516353198
"Weather","Temperature (2m)","5439",-2.67078486335125,-0.982609406293405
"Weather","Temperature (2m)","5439",-2.56375945148135,-0.943233649054829
"Weather","Temperature (2m)","5439",-2.45673403961146,-0.903857891816253
"Weather","Temperature (2m)","5439",-2.34970862774157,-0.864482134577677
"Weather","Temperature (2m)","5439",-2.24268321587167,-0.8251063773391
"Weather","Temperature (2m)","5439",-2.13565780400178,-0.785730620100524
"Weather","Temperature (2m)","5439",-2.02863239213189,-0.746354862861948
"Weather","Temperature (2m)","5439",-1.921606980262,-0.706979105623372
"Weather","Temperature (2m)","5439",-1.8145815683921,-0.667603348384796
"Weather","Temperature (2m)","5439",-1.70755615652221,-0.62822759114622
"Weather","Temperature (2m)","5439",-1.60053074465232,-0.588851833907643
"Weather","Temperature (2m)","5439",-1.49350533278243,-0.549476076669067
"Weather","Temperature (2m)","5439",-1.38647992091253,-0.510100319430491
"Weather","Temperature (2m)","5439",-1.27945450904264,-0.470724562191915
"Weather","Temperature (2m)","5439",-1.17242909717275,-0.431348804953339
"Weather","Temperature (2m)","5439",-1.06540368530285,-0.391973047714762
"Weather","Temperature (2m)","5439",-0.958378273432961,-0.352597290476186
"Weather","Temperature (2m)","5439",-0.851352861563068,-0.31322153323761
"Weather","Temperature (2m)","5439",-0.744327449693175,-0.273845775999034
"Weather","Temperature (2m)","5439",-0.637302037823283,-0.234470018760458
"Weather","Temperature (2m)","5439",-0.53027662595339,-0.195094261521881
"Weather","Temperature (2m)","5439",-0.423251214083497,-0.155718504283305
"Weather","Temperature (2m)","5439",-0.316225802213604,-0.116342747044729
"Weather","Temperature (2m)","5439",-0.209200390343711,-0.0769669898061528
"Weather","Temperature (2m)","5439",-0.102174978473819,-0.0375912325675767
"Weather","Temperature (2m)","5439",0.00485043339607438,0.00178452467099951
"Weather","Temperature (2m)","5439",0.111875845265967,0.0411602819095756
"Weather","Temperature (2m)","5439",0.21890125713586,0.0805360391481519
"Weather","Temperature (2m)","5439",0.325926669005753,0.119911796386728
"Weather","Temperature (2m)","5439",0.432952080875646,0.159287553625304
"Weather","Temperature (2m)","5439",0.539977492745538,0.19866331086388
"Weather","Temperature (2m)","5439",0.647002904615431,0.238039068102457
"Weather","Temperature (2m)","5439",0.754028316485324,0.277414825341033
"Weather","Temperature (2m)","5439",0.861053728355217,0.316790582579609
"Weather","Temperature (2m)","5439",0.96807914022511,0.356166339818185
"Weather","Temperature (2m)","5439",1.075104552095,0.395542097056761
"Weather","Temperature (2m)","5439",1.1821299639649,0.434917854295337
"Weather","Temperature (2m)","5439",1.28915537583479,0.474293611533914
"Weather","Temperature (2m)","5439",1.39618078770468,0.51366936877249
"Weather","Temperature (2m)","5439",1.50320619957457,0.553045126011066
"Weather","Temperature (2m)","5439",1.61023161144447,0.592420883249642
"Weather","Temperature (2m)","5439",1.71725702331436,0.631796640488218
"Weather","Temperature (2m)","5439",1.82428243518425,0.671172397726795
"Weather","Temperature (2m)","5439",1.93130784705414,0.710548154965371
"Weather","Temperature (2m)","5439",2.03833325892404,0.749923912203947
"Weather","Temperature (2m)","5439",2.14535867079393,0.789299669442523
"Weather","Temperature (2m)","5439",2.25238408266382,0.828675426681099
"Weather","Temperature (2m)","5439",2.35940949453372,0.868051183919676
"Weather","Temperature (2m)","5439",2.46643490640361,0.907426941158252
"Weather","Temperature (2m)","5439",2.5734603182735,0.946802698396828
"Weather","Temperature (2m)","5439",2.68048573014339,0.986178455635404
"Weather","Temperature (2m)","5439",2.78751114201329,1.02555421287398
"Weather","Temperature (2m)","5439",2.89453655388318,1.06492997011256
"Weather","Temperature (2m)","5439",3.00156196575307,1.10430572735113
"Weather","Temperature (2m)","5439",3.10858737762297,1.14368148458971
"Weather","Temperature (2m)","5439",3.21561278949286,1.18305724182828
"Weather","Temperature (2m)","5439",3.32263820136275,1.22243299906686
"Weather","Temperature (2m)","5439",3.42966361323264,1.26180875630544
"Weather","Temperature (2m)","5439",3.53668902510254,1.30118451354401
