"group","id","season","niche_type","boot_path","volume_boot_mean","volume_lwr","volume_upr"
"soil","5181","Spring","Potential","C:\Users\takola\Documents\results_20260523\objects_RSF_workflow\bootstrap\seasonal\soil\Objects\soil_5181_Spring_Potential_boot",18.2949293254997,11.4949124502927,27.8492376424984
"soil","5181","Spring","Realized","C:\Users\takola\Documents\results_20260523\objects_RSF_workflow\bootstrap\seasonal\soil\Objects\soil_5181_Spring_Realized_boot",38512.5392213781,11175.113470613,90938.3992522937
"soil","5181","Summer","Potential",NA,NA,NA,NA
"soil","5181","Summer","Realized",NA,NA,NA,NA
"soil","5181","Autumn","Potential",NA,NA,NA,NA
"soil","5181","Autumn","Realized",NA,NA,NA,NA
"soil","5181","Winter","Potential",NA,NA,NA,NA
"soil","5181","Winter","Realized",NA,NA,NA,NA
"soil","5264","Spring","Potential","C:\Users\takola\Documents\results_20260523\objects_RSF_workflow\bootstrap\seasonal\soil\Objects\soil_5264_Spring_Potential_boot",59.9085707949148,39.7836998306356,83.9689592087288
"soil","5264","Spring","Realized","C:\Users\takola\Documents\results_20260523\objects_RSF_workflow\bootstrap\seasonal\soil\Objects\soil_5264_Spring_Realized_boot",1305.84418731999,97.9630597892553,4014.0553183394
"soil","5264","Summer","Potential","C:\Users\takola\Documents\results_20260523\objects_RSF_workflow\bootstrap\seasonal\soil\Objects\soil_5264_Summer_Potential_boot",141.395899862607,107.531809099217,193.497603837296
"soil","5264","Summer","Realized","C:\Users\takola\Documents\results_20260523\objects_RSF_workflow\bootstrap\seasonal\soil\Objects\soil_5264_Summer_Realized_boot",724.035070923629,489.058240348766,1280.78990483309
"soil","5264","Autumn","Potential","C:\Users\takola\Documents\results_20260523\objects_RSF_workflow\bootstrap\seasonal\soil\Objects\soil_5264_Autumn_Potential_boot",65.9743338475801,35.9415530964719,100.788499139618
"soil","5264","Autumn","Realized",NA,NA,NA,NA
"soil","5264","Winter","Potential","C:\Users\takola\Documents\results_20260523\objects_RSF_workflow\bootstrap\seasonal\soil\Objects\soil_5264_Winter_Potential_boot",61.9586396090588,32.49487270372,108.815604621133
"soil","5264","Winter","Realized",NA,NA,NA,NA
"soil","5268","Spring","Potential","C:\Users\takola\Documents\results_20260523\objects_RSF_workflow\bootstrap\seasonal\soil\Objects\soil_5268_Spring_Potential_boot",41.8933423525347,17.8132900743914,68.6533351115853
"soil","5268","Spring","Realized",NA,NA,NA,NA
"soil","5268","Summer","Potential",NA,NA,NA,NA
"soil","5268","Summer","Realized","C:\Users\takola\Documents\results_20260523\objects_RSF_workflow\bootstrap\seasonal\soil\Objects\soil_5268_Summer_Realized_boot",912.985810535533,71.0690371461115,2807.81907542903
"soil","5268","Autumn","Potential","C:\Users\takola\Documents\results_20260523\objects_RSF_workflow\bootstrap\seasonal\soil\Objects\soil_5268_Autumn_Potential_boot",103.506587685494,75.1366040774591,129.034323185313
"soil","5268","Autumn","Realized","C:\Users\takola\Documents\results_20260523\objects_RSF_workflow\bootstrap\seasonal\soil\Objects\soil_5268_Autumn_Realized_boot",10192.9648156336,3874.89697033699,15726.5906756614
"soil","5268","Winter","Potential",NA,NA,NA,NA
"soil","5268","Winter","Realized",NA,NA,NA,NA
"soil","5270","Spring","Potential",NA,NA,NA,NA
"soil","5270","Spring","Realized",NA,NA,NA,NA
"soil","5270","Summer","Potential",NA,NA,NA,NA
"soil","5270","Summer","Realized",NA,NA,NA,NA
"soil","5270","Autumn","Potential","C:\Users\takola\Documents\results_20260523\objects_RSF_workflow\bootstrap\seasonal\soil\Objects\soil_5270_Autumn_Potential_boot",5.98908803809988,1.85820032253275,11.8406775162265
"soil","5270","Autumn","Realized",NA,NA,NA,NA
"soil","5270","Winter","Potential",NA,NA,NA,NA
"soil","5270","Winter","Realized",NA,NA,NA,NA
"soil","5277","Spring","Potential",NA,NA,NA,NA
"soil","5277","Spring","Realized",NA,NA,NA,NA
"soil","5277","Summer","Potential",NA,NA,NA,NA
"soil","5277","Summer","Realized",NA,NA,NA,NA
"soil","5277","Autumn","Potential","C:\Users\takola\Documents\results_20260523\objects_RSF_workflow\bootstrap\seasonal\soil\Objects\soil_5277_Autumn_Potential_boot",171.188467372407,79.1717488073616,361.119388905984
"soil","5277","Autumn","Realized",NA,NA,NA,NA
"soil","5277","Winter","Potential",NA,NA,NA,NA
"soil","5277","Winter","Realized",NA,NA,NA,NA
"soil","5278","Spring","Potential","C:\Users\takola\Documents\results_20260523\objects_RSF_workflow\bootstrap\seasonal\soil\Objects\soil_5278_Spring_Potential_boot",28.8931439143519,15.3000423710829,41.4802444505148
"soil","5278","Spring","Realized",NA,NA,NA,NA
"soil","5278","Summer","Potential","C:\Users\takola\Documents\results_20260523\objects_RSF_workflow\bootstrap\seasonal\soil\Objects\soil_5278_Summer_Potential_boot",82.0248733949518,44.3501693703503,120.337616453715
"soil","5278","Summer","Realized","C:\Users\takola\Documents\results_20260523\objects_RSF_workflow\bootstrap\seasonal\soil\Objects\soil_5278_Summer_Realized_boot",14.8544939761417,4.02772795242116,32.1292869037316
"soil","5278","Autumn","Potential","C:\Users\takola\Documents\results_20260523\objects_RSF_workflow\bootstrap\seasonal\soil\Objects\soil_5278_Autumn_Potential_boot",86.4258984590518,57.2534915388746,127.349255455113
"soil","5278","Autumn","Realized",NA,NA,NA,NA
"soil","5278","Winter","Potential",NA,NA,NA,NA
"soil","5278","Winter","Realized",NA,NA,NA,NA
"soil","5282","Spring","Potential",NA,NA,NA,NA
"soil","5282","Spring","Realized",NA,NA,NA,NA
"soil","5282","Summer","Potential","C:\Users\takola\Documents\results_20260523\objects_RSF_workflow\bootstrap\seasonal\soil\Objects\soil_5282_Summer_Potential_boot",34.6809717879128,19.0136752309188,57.2732897217027
"soil","5282","Summer","Realized",NA,NA,NA,NA
"soil","5282","Autumn","Potential",NA,NA,NA,NA
"soil","5282","Autumn","Realized",NA,NA,NA,NA
"soil","5282","Winter","Potential",NA,NA,NA,NA
"soil","5282","Winter","Realized",NA,NA,NA,NA
"soil","5284","Spring","Potential",NA,NA,NA,NA
"soil","5284","Spring","Realized",NA,NA,NA,NA
"soil","5284","Summer","Potential",NA,NA,NA,NA
"soil","5284","Summer","Realized",NA,NA,NA,NA
"soil","5284","Autumn","Potential",NA,NA,NA,NA
"soil","5284","Autumn","Realized",NA,NA,NA,NA
"soil","5284","Winter","Potential",NA,NA,NA,NA
"soil","5284","Winter","Realized",NA,NA,NA,NA
"soil","5285","Spring","Potential","C:\Users\takola\Documents\results_20260523\objects_RSF_workflow\bootstrap\seasonal\soil\Objects\soil_5285_Spring_Potential_boot",35.653596291866,26.4085920052162,44.7178925278667
"soil","5285","Spring","Realized","C:\Users\takola\Documents\results_20260523\objects_RSF_workflow\bootstrap\seasonal\soil\Objects\soil_5285_Spring_Realized_boot",104.935494792668,69.9281709028863,151.182669472231
"soil","5285","Summer","Potential",NA,NA,NA,NA
"soil","5285","Summer","Realized",NA,NA,NA,NA
"soil","5285","Autumn","Potential",NA,NA,NA,NA
"soil","5285","Autumn","Realized",NA,NA,NA,NA
"soil","5285","Winter","Potential",NA,NA,NA,NA
"soil","5285","Winter","Realized",NA,NA,NA,NA
"soil","5301","Spring","Potential","C:\Users\takola\Documents\results_20260523\objects_RSF_workflow\bootstrap\seasonal\soil\Objects\soil_5301_Spring_Potential_boot",163.252387518032,127.69962947197,200.65853462301
"soil","5301","Spring","Realized","C:\Users\takola\Documents\results_20260523\objects_RSF_workflow\bootstrap\seasonal\soil\Objects\soil_5301_Spring_Realized_boot",298.455467151817,230.560843676213,362.323741325089
"soil","5301","Summer","Potential","C:\Users\takola\Documents\results_20260523\objects_RSF_workflow\bootstrap\seasonal\soil\Objects\soil_5301_Summer_Potential_boot",202.276801064716,170.946081594808,242.277281584316
"soil","5301","Summer","Realized","C:\Users\takola\Documents\results_20260523\objects_RSF_workflow\bootstrap\seasonal\soil\Objects\soil_5301_Summer_Realized_boot",475.974329896112,351.417044032439,600.814632392357
"soil","5301","Autumn","Potential","C:\Users\takola\Documents\results_20260523\objects_RSF_workflow\bootstrap\seasonal\soil\Objects\soil_5301_Autumn_Potential_boot",253.744145905206,203.574111958428,322.657657280168
"soil","5301","Autumn","Realized","C:\Users\takola\Documents\results_20260523\objects_RSF_workflow\bootstrap\seasonal\soil\Objects\soil_5301_Autumn_Realized_boot",684.07203455043,434.129000975006,891.74177101728
"soil","5301","Winter","Potential","C:\Users\takola\Documents\results_20260523\objects_RSF_workflow\bootstrap\seasonal\soil\Objects\soil_5301_Winter_Potential_boot",0.0202900309157323,0.00515815157259089,0.0479769739496614
"soil","5301","Winter","Realized",NA,NA,NA,NA
"soil","5303","Spring","Potential","C:\Users\takola\Documents\results_20260523\objects_RSF_workflow\bootstrap\seasonal\soil\Objects\soil_5303_Spring_Potential_boot",5656.74572249228,4091.91265606233,7233.13506120131
"soil","5303","Spring","Realized","C:\Users\takola\Documents\results_20260523\objects_RSF_workflow\bootstrap\seasonal\soil\Objects\soil_5303_Spring_Realized_boot",4654.62742796856,1200.81460094382,9623.16847786099
"soil","5303","Summer","Potential","C:\Users\takola\Documents\results_20260523\objects_RSF_workflow\bootstrap\seasonal\soil\Objects\soil_5303_Summer_Potential_boot",3816.74190480941,2643.10269059924,5424.13099467629
"soil","5303","Summer","Realized",NA,NA,NA,NA
"soil","5303","Autumn","Potential",NA,NA,NA,NA
"soil","5303","Autumn","Realized","C:\Users\takola\Documents\results_20260523\objects_RSF_workflow\bootstrap\seasonal\soil\Objects\soil_5303_Autumn_Realized_boot",1696.30107255768,344.563083947969,4011.08562636068
"soil","5303","Winter","Potential","C:\Users\takola\Documents\results_20260523\objects_RSF_workflow\bootstrap\seasonal\soil\Objects\soil_5303_Winter_Potential_boot",0.00478987675486719,0.00141830148814682,0.0109157026419924
"soil","5303","Winter","Realized","C:\Users\takola\Documents\results_20260523\objects_RSF_workflow\bootstrap\seasonal\soil\Objects\soil_5303_Winter_Realized_boot",42951.7961204427,9887.53874643017,82131.0759525126
"soil","5308","Spring","Potential","C:\Users\takola\Documents\results_20260523\objects_RSF_workflow\bootstrap\seasonal\soil\Objects\soil_5308_Spring_Potential_boot",20.584418029638,9.40691745665184,34.6510470818628
"soil","5308","Spring","Realized",NA,NA,NA,NA
"soil","5308","Summer","Potential",NA,NA,NA,NA
"soil","5308","Summer","Realized",NA,NA,NA,NA
"soil","5308","Autumn","Potential",NA,NA,NA,NA
"soil","5308","Autumn","Realized",NA,NA,NA,NA
"soil","5308","Winter","Potential",NA,NA,NA,NA
"soil","5308","Winter","Realized",NA,NA,NA,NA
"soil","5439","Spring","Potential","C:\Users\takola\Documents\results_20260523\objects_RSF_workflow\bootstrap\seasonal\soil\Objects\soil_5439_Spring_Potential_boot",22.1568559359306,14.3182124347738,31.4987817842466
"soil","5439","Spring","Realized","C:\Users\takola\Documents\results_20260523\objects_RSF_workflow\bootstrap\seasonal\soil\Objects\soil_5439_Spring_Realized_boot",2.21311009287847,0.458572831420579,5.78280832896003
"soil","5439","Summer","Potential","C:\Users\takola\Documents\results_20260523\objects_RSF_workflow\bootstrap\seasonal\soil\Objects\soil_5439_Summer_Potential_boot",39.6481649399213,19.6706466929198,62.5178773072492
"soil","5439","Summer","Realized","C:\Users\takola\Documents\results_20260523\objects_RSF_workflow\bootstrap\seasonal\soil\Objects\soil_5439_Summer_Realized_boot",124.13314582677,60.1981142440313,198.827208333532
"soil","5439","Autumn","Potential",NA,NA,NA,NA
"soil","5439","Autumn","Realized",NA,NA,NA,NA
"soil","5439","Winter","Potential",NA,NA,NA,NA
"soil","5439","Winter","Realized",NA,NA,NA,NA
