"group","id","season","niche_type","n_points","n_axes","rsp_column","weighted","volume_observed","boot_path","volume_boot_mean","volume_lwr","volume_upr"
"food","5181","Spring","Potential",181,3,"rsp_food",TRUE,3.82170386223626,"C:\Users\takola\Documents\results_20260523\objects_RSF_workflow\bootstrap\seasonal\food\Objects\food_5181_Spring_Potential_boot",2.18711586395126,1.37530853243084,3.17191493560358
"food","5181","Spring","Realized",46,3,"rsp_food",TRUE,6.29338375114152,"C:\Users\takola\Documents\results_20260523\objects_RSF_workflow\bootstrap\seasonal\food\Objects\food_5181_Spring_Realized_boot",205.384434220855,116.571562283919,278.58765309168
"food","5181","Summer","Potential",0,3,"rsp_food",TRUE,NA,NA,NA,NA,NA
"food","5181","Summer","Realized",1,3,"rsp_food",TRUE,NA,NA,NA,NA,NA
"food","5181","Autumn","Potential",7,3,"rsp_food",TRUE,NA,NA,NA,NA,NA
"food","5181","Autumn","Realized",1,3,"rsp_food",TRUE,NA,NA,NA,NA,NA
"food","5181","Winter","Potential",0,3,"rsp_food",TRUE,NA,NA,NA,NA,NA
"food","5181","Winter","Realized",1,3,"rsp_food",TRUE,NA,NA,NA,NA,NA
"food","5264","Spring","Potential",452,3,"rsp_food",TRUE,4.35566492987254,"C:\Users\takola\Documents\results_20260523\objects_RSF_workflow\bootstrap\seasonal\food\Objects\food_5264_Spring_Potential_boot",1.15653863822882,0.65742271898518,1.69397468604955
"food","5264","Spring","Realized",83,3,"rsp_food",TRUE,2.06288226088093,"C:\Users\takola\Documents\results_20260523\objects_RSF_workflow\bootstrap\seasonal\food\Objects\food_5264_Spring_Realized_boot",12.8130698162574,1.97924626579829,34.6328926656355
"food","5264","Summer","Potential",834,3,"rsp_food",TRUE,9.36552773439707,"C:\Users\takola\Documents\results_20260523\objects_RSF_workflow\bootstrap\seasonal\food\Objects\food_5264_Summer_Potential_boot",5.35295651476668,4.54381420633242,6.2999079700458
"food","5264","Summer","Realized",169,3,"rsp_food",TRUE,8.52698622669272,"C:\Users\takola\Documents\results_20260523\objects_RSF_workflow\bootstrap\seasonal\food\Objects\food_5264_Summer_Realized_boot",11.5659882302878,8.35970749003316,15.5212286891717
"food","5264","Autumn","Potential",121,3,"rsp_food",TRUE,8.5594455202613,"C:\Users\takola\Documents\results_20260523\objects_RSF_workflow\bootstrap\seasonal\food\Objects\food_5264_Autumn_Potential_boot",17.3235846021515,15.3331345122138,19.6678862945594
"food","5264","Autumn","Realized",24,3,"rsp_food",TRUE,5.08798900726297,"C:\Users\takola\Documents\results_20260523\objects_RSF_workflow\bootstrap\seasonal\food\Objects\food_5264_Autumn_Realized_boot",29.173402728234,20.8881152159887,34.9693960792264
"food","5264","Winter","Potential",68,3,"rsp_food",TRUE,4.21564147566298,"C:\Users\takola\Documents\results_20260523\objects_RSF_workflow\bootstrap\seasonal\food\Objects\food_5264_Winter_Potential_boot",2.4072653180955,0.424340984194962,4.08208549325757
"food","5264","Winter","Realized",13,3,"rsp_food",TRUE,NA,NA,NA,NA,NA
"food","5268","Spring","Potential",113,3,"rsp_food",TRUE,4.71648969047686,"C:\Users\takola\Documents\results_20260523\objects_RSF_workflow\bootstrap\seasonal\food\Objects\food_5268_Spring_Potential_boot",4.28550466943213,2.34732522846967,6.21471220587435
"food","5268","Spring","Realized",29,3,"rsp_food",TRUE,1.5893694574979,NA,NA,NA,NA
"food","5268","Summer","Potential",25,3,"rsp_food",TRUE,3.90434460518419,"C:\Users\takola\Documents\results_20260523\objects_RSF_workflow\bootstrap\seasonal\food\Objects\food_5268_Summer_Potential_boot",7.8446884559149,5.19939339623009,9.72393261955889
"food","5268","Summer","Realized",35,3,"rsp_food",TRUE,3.79518828044929,"C:\Users\takola\Documents\results_20260523\objects_RSF_workflow\bootstrap\seasonal\food\Objects\food_5268_Summer_Realized_boot",23.2954124571918,1.33742134591152,48.8980849563107
"food","5268","Autumn","Potential",210,3,"rsp_food",TRUE,5.71598160387459,"C:\Users\takola\Documents\results_20260523\objects_RSF_workflow\bootstrap\seasonal\food\Objects\food_5268_Autumn_Potential_boot",5.36193806148243,4.1123821222913,6.62837248499305
"food","5268","Autumn","Realized",55,3,"rsp_food",TRUE,9.11220657618404,"C:\Users\takola\Documents\results_20260523\objects_RSF_workflow\bootstrap\seasonal\food\Objects\food_5268_Autumn_Realized_boot",112.41454083385,59.2306208936745,178.870700605373
"food","5268","Winter","Potential",0,3,"rsp_food",TRUE,NA,NA,NA,NA,NA
"food","5268","Winter","Realized",0,3,"rsp_food",TRUE,NA,NA,NA,NA,NA
"food","5270","Spring","Potential",0,3,"rsp_food",TRUE,NA,NA,NA,NA,NA
"food","5270","Spring","Realized",3,3,"rsp_food",TRUE,NA,NA,NA,NA,NA
"food","5270","Summer","Potential",24,3,"rsp_food",TRUE,4.42089095761821,"C:\Users\takola\Documents\results_20260523\objects_RSF_workflow\bootstrap\seasonal\food\Objects\food_5270_Summer_Potential_boot",7.04323227084752,2.4203073594832,11.1553727241155
"food","5270","Summer","Realized",14,3,"rsp_food",TRUE,NA,NA,NA,NA,NA
"food","5270","Autumn","Potential",158,3,"rsp_food",TRUE,5.24139438608336,"C:\Users\takola\Documents\results_20260523\objects_RSF_workflow\bootstrap\seasonal\food\Objects\food_5270_Autumn_Potential_boot",2.92690064755678,2.07877964938417,3.75432926753363
"food","5270","Autumn","Realized",34,3,"rsp_food",TRUE,1.89679579656399,"C:\Users\takola\Documents\results_20260523\objects_RSF_workflow\bootstrap\seasonal\food\Objects\food_5270_Autumn_Realized_boot",0.184533148357544,0.0325405255590398,0.373130909489801
"food","5270","Winter","Potential",0,3,"rsp_food",TRUE,NA,NA,NA,NA,NA
"food","5270","Winter","Realized",0,3,"rsp_food",TRUE,NA,NA,NA,NA,NA
"food","5277","Spring","Potential",13,3,"rsp_food",TRUE,NA,NA,NA,NA,NA
"food","5277","Spring","Realized",7,3,"rsp_food",TRUE,NA,NA,NA,NA,NA
"food","5277","Summer","Potential",2,3,"rsp_food",TRUE,NA,NA,NA,NA,NA
"food","5277","Summer","Realized",11,3,"rsp_food",TRUE,NA,NA,NA,NA,NA
"food","5277","Autumn","Potential",93,3,"rsp_food",TRUE,6.87366738799496,"C:\Users\takola\Documents\results_20260523\objects_RSF_workflow\bootstrap\seasonal\food\Objects\food_5277_Autumn_Potential_boot",6.31446847992739,4.56370364639146,8.21357319665005
"food","5277","Autumn","Realized",26,3,"rsp_food",TRUE,4.58771037737055,"C:\Users\takola\Documents\results_20260523\objects_RSF_workflow\bootstrap\seasonal\food\Objects\food_5277_Autumn_Realized_boot",19.4089901648549,1.04069549743527,47.1494323114327
"food","5277","Winter","Potential",0,3,"rsp_food",TRUE,NA,NA,NA,NA,NA
"food","5277","Winter","Realized",0,3,"rsp_food",TRUE,NA,NA,NA,NA,NA
"food","5278","Spring","Potential",142,3,"rsp_food",TRUE,3.44214571594999,"C:\Users\takola\Documents\results_20260523\objects_RSF_workflow\bootstrap\seasonal\food\Objects\food_5278_Spring_Potential_boot",1.04589543144099,0.509834096425417,1.71015386651752
"food","5278","Spring","Realized",34,3,"rsp_food",TRUE,1.91661072704477,"C:\Users\takola\Documents\results_20260523\objects_RSF_workflow\bootstrap\seasonal\food\Objects\food_5278_Spring_Realized_boot",0.925598341407961,0.00288820852580111,2.82551894534062
"food","5278","Summer","Potential",164,3,"rsp_food",TRUE,4.16546128898282,"C:\Users\takola\Documents\results_20260523\objects_RSF_workflow\bootstrap\seasonal\food\Objects\food_5278_Summer_Potential_boot",2.22854300519319,1.12977314253969,4.00651942509892
"food","5278","Summer","Realized",35,3,"rsp_food",TRUE,4.07253883729446,"C:\Users\takola\Documents\results_20260523\objects_RSF_workflow\bootstrap\seasonal\food\Objects\food_5278_Summer_Realized_boot",6.48519592715187,3.31283240855424,10.8569138379924
"food","5278","Autumn","Potential",113,3,"rsp_food",TRUE,4.6756832562988,"C:\Users\takola\Documents\results_20260523\objects_RSF_workflow\bootstrap\seasonal\food\Objects\food_5278_Autumn_Potential_boot",2.89492256940332,1.67360100744232,4.22555010114469
"food","5278","Autumn","Realized",31,3,"rsp_food",TRUE,3.88275097993788,"C:\Users\takola\Documents\results_20260523\objects_RSF_workflow\bootstrap\seasonal\food\Objects\food_5278_Autumn_Realized_boot",6.44640861116053,5.3911450400241,7.66672602957886
"food","5278","Winter","Potential",0,3,"rsp_food",TRUE,NA,NA,NA,NA,NA
"food","5278","Winter","Realized",0,3,"rsp_food",TRUE,NA,NA,NA,NA,NA
"food","5282","Spring","Potential",33,3,"rsp_food",TRUE,2.80791530231065,"C:\Users\takola\Documents\results_20260523\objects_RSF_workflow\bootstrap\seasonal\food\Objects\food_5282_Spring_Potential_boot",0.94169582370912,0.19152249488859,3.20353486061084
"food","5282","Spring","Realized",10,3,"rsp_food",TRUE,NA,NA,NA,NA,NA
"food","5282","Summer","Potential",112,3,"rsp_food",TRUE,3.23045348053852,"C:\Users\takola\Documents\results_20260523\objects_RSF_workflow\bootstrap\seasonal\food\Objects\food_5282_Summer_Potential_boot",0.784754437837361,0.193097947692464,1.84113515616474
"food","5282","Summer","Realized",28,3,"rsp_food",TRUE,1.98569689326415,"C:\Users\takola\Documents\results_20260523\objects_RSF_workflow\bootstrap\seasonal\food\Objects\food_5282_Summer_Realized_boot",0.127258856768511,0.05333719199479,0.196003853831371
"food","5282","Autumn","Potential",0,3,"rsp_food",TRUE,NA,NA,NA,NA,NA
"food","5282","Autumn","Realized",0,3,"rsp_food",TRUE,NA,NA,NA,NA,NA
"food","5282","Winter","Potential",0,3,"rsp_food",TRUE,NA,NA,NA,NA,NA
"food","5282","Winter","Realized",0,3,"rsp_food",TRUE,NA,NA,NA,NA,NA
"food","5284","Spring","Potential",17,3,"rsp_food",TRUE,NA,NA,NA,NA,NA
"food","5284","Spring","Realized",7,3,"rsp_food",TRUE,NA,NA,NA,NA,NA
"food","5284","Summer","Potential",17,3,"rsp_food",TRUE,NA,NA,NA,NA,NA
"food","5284","Summer","Realized",11,3,"rsp_food",TRUE,NA,NA,NA,NA,NA
"food","5284","Autumn","Potential",0,3,"rsp_food",TRUE,NA,NA,NA,NA,NA
"food","5284","Autumn","Realized",0,3,"rsp_food",TRUE,NA,NA,NA,NA,NA
"food","5284","Winter","Potential",0,3,"rsp_food",TRUE,NA,NA,NA,NA,NA
"food","5284","Winter","Realized",0,3,"rsp_food",TRUE,NA,NA,NA,NA,NA
"food","5285","Spring","Potential",938,3,"rsp_food",TRUE,4.82668952747131,"C:\Users\takola\Documents\results_20260523\objects_RSF_workflow\bootstrap\seasonal\food\Objects\food_5285_Spring_Potential_boot",1.8493959264042,1.48061960958424,2.24415492134287
"food","5285","Spring","Realized",182,3,"rsp_food",TRUE,2.7510460106745,"C:\Users\takola\Documents\results_20260523\objects_RSF_workflow\bootstrap\seasonal\food\Objects\food_5285_Spring_Realized_boot",0.379446258287471,0.252255087841866,0.676832472290963
"food","5285","Summer","Potential",0,3,"rsp_food",TRUE,NA,NA,NA,NA,NA
"food","5285","Summer","Realized",1,3,"rsp_food",TRUE,NA,NA,NA,NA,NA
"food","5285","Autumn","Potential",0,3,"rsp_food",TRUE,NA,NA,NA,NA,NA
"food","5285","Autumn","Realized",0,3,"rsp_food",TRUE,NA,NA,NA,NA,NA
"food","5285","Winter","Potential",0,3,"rsp_food",TRUE,NA,NA,NA,NA,NA
"food","5285","Winter","Realized",0,3,"rsp_food",TRUE,NA,NA,NA,NA,NA
"food","5301","Spring","Potential",1078,3,"rsp_food",TRUE,7.08605427826612,"C:\Users\takola\Documents\results_20260523\objects_RSF_workflow\bootstrap\seasonal\food\Objects\food_5301_Spring_Potential_boot",4.21259039038032,3.66560104147821,4.7999393583076
"food","5301","Spring","Realized",224,3,"rsp_food",TRUE,4.11815660986807,"C:\Users\takola\Documents\results_20260523\objects_RSF_workflow\bootstrap\seasonal\food\Objects\food_5301_Spring_Realized_boot",1.73234069942337,1.51921394345378,1.90548480061249
"food","5301","Summer","Potential",2882,3,"rsp_food",TRUE,9.57855045561894,"C:\Users\takola\Documents\results_20260523\objects_RSF_workflow\bootstrap\seasonal\food\Objects\food_5301_Summer_Potential_boot",5.95508238169129,5.54059266234494,6.38871830721966
"food","5301","Summer","Realized",546,3,"rsp_food",TRUE,8.10987552837551,"C:\Users\takola\Documents\results_20260523\objects_RSF_workflow\bootstrap\seasonal\food\Objects\food_5301_Summer_Realized_boot",12.8292449629537,10.5237148719144,16.567850383476
"food","5301","Autumn","Potential",1810,3,"rsp_food",TRUE,10.5026774453606,"C:\Users\takola\Documents\results_20260523\objects_RSF_workflow\bootstrap\seasonal\food\Objects\food_5301_Autumn_Potential_boot",8.29403415963313,7.69610787784528,8.92760594958869
"food","5301","Autumn","Realized",341,3,"rsp_food",TRUE,7.77665973125865,"C:\Users\takola\Documents\results_20260523\objects_RSF_workflow\bootstrap\seasonal\food\Objects\food_5301_Autumn_Realized_boot",17.7848927906816,14.3096500097163,21.6969701115305
"food","5301","Winter","Potential",52,3,"rsp_food",TRUE,5.54012552292973,"C:\Users\takola\Documents\results_20260523\objects_RSF_workflow\bootstrap\seasonal\food\Objects\food_5301_Winter_Potential_boot",4.01420209394606,2.51490542469675,5.83770753345581
"food","5301","Winter","Realized",8,3,"rsp_food",TRUE,NA,NA,NA,NA,NA
"food","5303","Spring","Potential",1170,3,"rsp_food",TRUE,11.1982309040389,"C:\Users\takola\Documents\results_20260523\objects_RSF_workflow\bootstrap\seasonal\food\Objects\food_5303_Spring_Potential_boot",42.1000712845728,35.1052661032242,49.6673058022571
"food","5303","Spring","Realized",232,3,"rsp_food",TRUE,6.1134461315301,"C:\Users\takola\Documents\results_20260523\objects_RSF_workflow\bootstrap\seasonal\food\Objects\food_5303_Spring_Realized_boot",57.950984906321,30.93108744503,92.1019697275123
"food","5303","Summer","Potential",82,3,"rsp_food",TRUE,6.45945229488263,"C:\Users\takola\Documents\results_20260523\objects_RSF_workflow\bootstrap\seasonal\food\Objects\food_5303_Summer_Potential_boot",66.721694949345,58.7507869204123,73.1406097119315
"food","5303","Summer","Realized",34,3,"rsp_food",TRUE,4.55344506114538,"C:\Users\takola\Documents\results_20260523\objects_RSF_workflow\bootstrap\seasonal\food\Objects\food_5303_Summer_Realized_boot",10.691738054592,2.32177926033321,32.5102579350801
"food","5303","Autumn","Potential",34,3,"rsp_food",TRUE,4.38412884252017,"C:\Users\takola\Documents\results_20260523\objects_RSF_workflow\bootstrap\seasonal\food\Objects\food_5303_Autumn_Potential_boot",2.9186077428699,1.4135563889909,4.51622119514951
"food","5303","Autumn","Realized",51,3,"rsp_food",TRUE,9.03044001039491,"C:\Users\takola\Documents\results_20260523\objects_RSF_workflow\bootstrap\seasonal\food\Objects\food_5303_Autumn_Realized_boot",31.5179768802009,5.88108971609293,74.2384340636474
"food","5303","Winter","Potential",249,3,"rsp_food",TRUE,4.70932197926767,"C:\Users\takola\Documents\results_20260523\objects_RSF_workflow\bootstrap\seasonal\food\Objects\food_5303_Winter_Potential_boot",1.12749517215483,0.870636622174199,1.6417003560118
"food","5303","Winter","Realized",48,3,"rsp_food",TRUE,4.80682820284996,"C:\Users\takola\Documents\results_20260523\objects_RSF_workflow\bootstrap\seasonal\food\Objects\food_5303_Winter_Realized_boot",271.891147927325,121.11154934948,347.569509819057
"food","5308","Spring","Potential",157,3,"rsp_food",TRUE,3.69116370276333,"C:\Users\takola\Documents\results_20260523\objects_RSF_workflow\bootstrap\seasonal\food\Objects\food_5308_Spring_Potential_boot",1.20234225766595,0.512656879800614,2.21463714052719
"food","5308","Spring","Realized",29,3,"rsp_food",TRUE,2.16048594243144,"C:\Users\takola\Documents\results_20260523\objects_RSF_workflow\bootstrap\seasonal\food\Objects\food_5308_Spring_Realized_boot",0.855494662604634,0.0476860327583166,1.97760835492896
"food","5308","Summer","Potential",0,3,"rsp_food",TRUE,NA,NA,NA,NA,NA
"food","5308","Summer","Realized",0,3,"rsp_food",TRUE,NA,NA,NA,NA,NA
"food","5308","Autumn","Potential",0,3,"rsp_food",TRUE,NA,NA,NA,NA,NA
"food","5308","Autumn","Realized",0,3,"rsp_food",TRUE,NA,NA,NA,NA,NA
"food","5308","Winter","Potential",0,3,"rsp_food",TRUE,NA,NA,NA,NA,NA
"food","5308","Winter","Realized",0,3,"rsp_food",TRUE,NA,NA,NA,NA,NA
"food","5439","Spring","Potential",570,3,"rsp_food",TRUE,4.67541694619042,"C:\Users\takola\Documents\results_20260523\objects_RSF_workflow\bootstrap\seasonal\food\Objects\food_5439_Spring_Potential_boot",1.24132522359526,0.763433128727804,1.80950648248514
"food","5439","Spring","Realized",107,3,"rsp_food",TRUE,1.82180161627617,"C:\Users\takola\Documents\results_20260523\objects_RSF_workflow\bootstrap\seasonal\food\Objects\food_5439_Spring_Realized_boot",0.0769767853213126,0.0336175182582592,0.124365559394767
"food","5439","Summer","Potential",177,3,"rsp_food",TRUE,3.93723156938997,"C:\Users\takola\Documents\results_20260523\objects_RSF_workflow\bootstrap\seasonal\food\Objects\food_5439_Summer_Potential_boot",1.28458975767817,0.550169911159053,1.97183217338914
"food","5439","Summer","Realized",85,3,"rsp_food",TRUE,4.63627270552993,"C:\Users\takola\Documents\results_20260523\objects_RSF_workflow\bootstrap\seasonal\food\Objects\food_5439_Summer_Realized_boot",3.61728900810903,1.39083994847091,5.6711791205052
"food","5439","Autumn","Potential",0,3,"rsp_food",TRUE,NA,NA,NA,NA,NA
"food","5439","Autumn","Realized",6,3,"rsp_food",TRUE,NA,NA,NA,NA,NA
"food","5439","Winter","Potential",0,3,"rsp_food",TRUE,NA,NA,NA,NA,NA
"food","5439","Winter","Realized",0,3,"rsp_food",TRUE,NA,NA,NA,NA,NA
"humans","5181","Spring","Potential",181,6,"rsp_humans",TRUE,0.13468640069357,NA,NA,NA,NA
"humans","5181","Spring","Realized",46,6,"rsp_humans",TRUE,0.0990023514832847,NA,NA,NA,NA
"humans","5181","Summer","Potential",0,6,"rsp_humans",TRUE,NA,NA,NA,NA,NA
"humans","5181","Summer","Realized",1,6,"rsp_humans",TRUE,NA,NA,NA,NA,NA
"humans","5181","Autumn","Potential",7,6,"rsp_humans",TRUE,NA,NA,NA,NA,NA
"humans","5181","Autumn","Realized",1,6,"rsp_humans",TRUE,NA,NA,NA,NA,NA
"humans","5181","Winter","Potential",0,6,"rsp_humans",TRUE,NA,NA,NA,NA,NA
"humans","5181","Winter","Realized",1,6,"rsp_humans",TRUE,NA,NA,NA,NA,NA
"humans","5264","Spring","Potential",452,6,"rsp_humans",TRUE,0.0837790358281666,NA,NA,NA,NA
"humans","5264","Spring","Realized",83,6,"rsp_humans",TRUE,0.0765083116022742,NA,NA,NA,NA
"humans","5264","Summer","Potential",835,6,"rsp_humans",TRUE,0.364820259866987,NA,NA,NA,NA
"humans","5264","Summer","Realized",169,6,"rsp_humans",TRUE,0.198954877290972,NA,NA,NA,NA
"humans","5264","Autumn","Potential",121,6,"rsp_humans",TRUE,0.123658752230171,NA,NA,NA,NA
"humans","5264","Autumn","Realized",24,6,"rsp_humans",TRUE,NA,NA,NA,NA,NA
"humans","5264","Winter","Potential",68,6,"rsp_humans",TRUE,0.0762591845263653,NA,NA,NA,NA
"humans","5264","Winter","Realized",13,6,"rsp_humans",TRUE,NA,NA,NA,NA,NA
"humans","5268","Spring","Potential",113,6,"rsp_humans",TRUE,0.120619377900738,NA,NA,NA,NA
"humans","5268","Spring","Realized",29,6,"rsp_humans",TRUE,NA,NA,NA,NA,NA
"humans","5268","Summer","Potential",25,6,"rsp_humans",TRUE,NA,NA,NA,NA,NA
"humans","5268","Summer","Realized",35,6,"rsp_humans",TRUE,0.0840946526510541,NA,NA,NA,NA
"humans","5268","Autumn","Potential",210,6,"rsp_humans",TRUE,0.159720006907748,NA,NA,NA,NA
"humans","5268","Autumn","Realized",55,6,"rsp_humans",TRUE,0.148715343898457,NA,NA,NA,NA
"humans","5268","Winter","Potential",0,6,"rsp_humans",TRUE,NA,NA,NA,NA,NA
"humans","5268","Winter","Realized",0,6,"rsp_humans",TRUE,NA,NA,NA,NA,NA
"humans","5270","Spring","Potential",0,6,"rsp_humans",TRUE,NA,NA,NA,NA,NA
"humans","5270","Spring","Realized",3,6,"rsp_humans",TRUE,NA,NA,NA,NA,NA
"humans","5270","Summer","Potential",24,6,"rsp_humans",TRUE,NA,NA,NA,NA,NA
"humans","5270","Summer","Realized",14,6,"rsp_humans",TRUE,NA,NA,NA,NA,NA
"humans","5270","Autumn","Potential",158,6,"rsp_humans",TRUE,0.0874396167809374,NA,NA,NA,NA
"humans","5270","Autumn","Realized",34,6,"rsp_humans",TRUE,0.0418581154125451,NA,NA,NA,NA
"humans","5270","Winter","Potential",0,6,"rsp_humans",TRUE,NA,NA,NA,NA,NA
"humans","5270","Winter","Realized",0,6,"rsp_humans",TRUE,NA,NA,NA,NA,NA
"humans","5277","Spring","Potential",13,6,"rsp_humans",TRUE,NA,NA,NA,NA,NA
"humans","5277","Spring","Realized",7,6,"rsp_humans",TRUE,NA,NA,NA,NA,NA
"humans","5277","Summer","Potential",2,6,"rsp_humans",TRUE,NA,NA,NA,NA,NA
"humans","5277","Summer","Realized",11,6,"rsp_humans",TRUE,NA,NA,NA,NA,NA
"humans","5277","Autumn","Potential",93,6,"rsp_humans",TRUE,0.124618524588381,NA,NA,NA,NA
"humans","5277","Autumn","Realized",26,6,"rsp_humans",TRUE,NA,NA,NA,NA,NA
"humans","5277","Winter","Potential",0,6,"rsp_humans",TRUE,NA,NA,NA,NA,NA
"humans","5277","Winter","Realized",0,6,"rsp_humans",TRUE,NA,NA,NA,NA,NA
"humans","5278","Spring","Potential",142,6,"rsp_humans",TRUE,0.0962207374872947,NA,NA,NA,NA
"humans","5278","Spring","Realized",34,6,"rsp_humans",TRUE,0.0258407110764589,NA,NA,NA,NA
"humans","5278","Summer","Potential",164,6,"rsp_humans",TRUE,0.117349262659036,NA,NA,NA,NA
"humans","5278","Summer","Realized",35,6,"rsp_humans",TRUE,0.100152570496561,NA,NA,NA,NA
"humans","5278","Autumn","Potential",113,6,"rsp_humans",TRUE,0.111806628367357,NA,NA,NA,NA
"humans","5278","Autumn","Realized",31,6,"rsp_humans",TRUE,0.113477499531256,NA,NA,NA,NA
"humans","5278","Winter","Potential",0,6,"rsp_humans",TRUE,NA,NA,NA,NA,NA
"humans","5278","Winter","Realized",0,6,"rsp_humans",TRUE,NA,NA,NA,NA,NA
"humans","5282","Spring","Potential",33,6,"rsp_humans",TRUE,0.106512991535132,NA,NA,NA,NA
"humans","5282","Spring","Realized",10,6,"rsp_humans",TRUE,NA,NA,NA,NA,NA
"humans","5282","Summer","Potential",112,6,"rsp_humans",TRUE,0.0974187544615555,NA,NA,NA,NA
"humans","5282","Summer","Realized",28,6,"rsp_humans",TRUE,NA,NA,NA,NA,NA
"humans","5282","Autumn","Potential",0,6,"rsp_humans",TRUE,NA,NA,NA,NA,NA
"humans","5282","Autumn","Realized",0,6,"rsp_humans",TRUE,NA,NA,NA,NA,NA
"humans","5282","Winter","Potential",0,6,"rsp_humans",TRUE,NA,NA,NA,NA,NA
"humans","5282","Winter","Realized",0,6,"rsp_humans",TRUE,NA,NA,NA,NA,NA
"humans","5284","Spring","Potential",17,6,"rsp_humans",TRUE,NA,NA,NA,NA,NA
"humans","5284","Spring","Realized",7,6,"rsp_humans",TRUE,NA,NA,NA,NA,NA
"humans","5284","Summer","Potential",17,6,"rsp_humans",TRUE,NA,NA,NA,NA,NA
"humans","5284","Summer","Realized",11,6,"rsp_humans",TRUE,NA,NA,NA,NA,NA
"humans","5284","Autumn","Potential",0,6,"rsp_humans",TRUE,NA,NA,NA,NA,NA
"humans","5284","Autumn","Realized",0,6,"rsp_humans",TRUE,NA,NA,NA,NA,NA
"humans","5284","Winter","Potential",0,6,"rsp_humans",TRUE,NA,NA,NA,NA,NA
"humans","5284","Winter","Realized",0,6,"rsp_humans",TRUE,NA,NA,NA,NA,NA
"humans","5285","Spring","Potential",938,6,"rsp_humans",TRUE,0.11222776108977,NA,NA,NA,NA
"humans","5285","Spring","Realized",182,6,"rsp_humans",TRUE,0.0803448105219207,NA,NA,NA,NA
"humans","5285","Summer","Potential",0,6,"rsp_humans",TRUE,NA,NA,NA,NA,NA
"humans","5285","Summer","Realized",1,6,"rsp_humans",TRUE,NA,NA,NA,NA,NA
"humans","5285","Autumn","Potential",0,6,"rsp_humans",TRUE,NA,NA,NA,NA,NA
"humans","5285","Autumn","Realized",0,6,"rsp_humans",TRUE,NA,NA,NA,NA,NA
"humans","5285","Winter","Potential",0,6,"rsp_humans",TRUE,NA,NA,NA,NA,NA
"humans","5285","Winter","Realized",0,6,"rsp_humans",TRUE,NA,NA,NA,NA,NA
"humans","5301","Spring","Potential",1078,6,"rsp_humans",TRUE,0.113131591396404,NA,NA,NA,NA
"humans","5301","Spring","Realized",224,6,"rsp_humans",TRUE,0.0891024074445438,NA,NA,NA,NA
"humans","5301","Summer","Potential",2882,6,"rsp_humans",TRUE,0.203108071104343,NA,NA,NA,NA
"humans","5301","Summer","Realized",546,6,"rsp_humans",TRUE,0.15515341038596,NA,NA,NA,NA
"humans","5301","Autumn","Potential",1810,6,"rsp_humans",TRUE,0.198802139347954,NA,NA,NA,NA
"humans","5301","Autumn","Realized",341,6,"rsp_humans",TRUE,0.166962853266969,NA,NA,NA,NA
"humans","5301","Winter","Potential",52,6,"rsp_humans",TRUE,0.0765945954063151,NA,NA,NA,NA
"humans","5301","Winter","Realized",8,6,"rsp_humans",TRUE,NA,NA,NA,NA,NA
"humans","5303","Spring","Potential",1170,6,"rsp_humans",TRUE,0.216586895155013,"C:\Users\takola\Documents\results_20260523\objects_RSF_workflow\bootstrap\seasonal\humans\Objects\humans_5303_Spring_Potential_boot",1.32487404232651,0.649055965179626,1.97624230907709
"humans","5303","Spring","Realized",232,6,"rsp_humans",TRUE,0.140021898818483,NA,NA,NA,NA
"humans","5303","Summer","Potential",82,6,"rsp_humans",TRUE,0.116979320328358,NA,NA,NA,NA
"humans","5303","Summer","Realized",34,6,"rsp_humans",TRUE,0.104834530304742,NA,NA,NA,NA
"humans","5303","Autumn","Potential",34,6,"rsp_humans",TRUE,0.0609247243033387,NA,NA,NA,NA
"humans","5303","Autumn","Realized",51,6,"rsp_humans",TRUE,0.158435817581857,NA,NA,NA,NA
"humans","5303","Winter","Potential",249,6,"rsp_humans",TRUE,0.102477631424758,NA,NA,NA,NA
"humans","5303","Winter","Realized",48,6,"rsp_humans",TRUE,0.088550601275825,NA,NA,NA,NA
"humans","5308","Spring","Potential",157,6,"rsp_humans",TRUE,0.0740088782327803,NA,NA,NA,NA
"humans","5308","Spring","Realized",29,6,"rsp_humans",TRUE,NA,NA,NA,NA,NA
"humans","5308","Summer","Potential",0,6,"rsp_humans",TRUE,NA,NA,NA,NA,NA
"humans","5308","Summer","Realized",0,6,"rsp_humans",TRUE,NA,NA,NA,NA,NA
"humans","5308","Autumn","Potential",0,6,"rsp_humans",TRUE,NA,NA,NA,NA,NA
"humans","5308","Autumn","Realized",0,6,"rsp_humans",TRUE,NA,NA,NA,NA,NA
"humans","5308","Winter","Potential",0,6,"rsp_humans",TRUE,NA,NA,NA,NA,NA
"humans","5308","Winter","Realized",0,6,"rsp_humans",TRUE,NA,NA,NA,NA,NA
"humans","5439","Spring","Potential",570,6,"rsp_humans",TRUE,0.100612285845722,NA,NA,NA,NA
"humans","5439","Spring","Realized",107,6,"rsp_humans",TRUE,0.0711530901896253,NA,NA,NA,NA
"humans","5439","Summer","Potential",177,6,"rsp_humans",TRUE,0.0875759766234651,NA,NA,NA,NA
"humans","5439","Summer","Realized",85,6,"rsp_humans",TRUE,0.117648564613332,NA,NA,NA,NA
"humans","5439","Autumn","Potential",0,6,"rsp_humans",TRUE,NA,NA,NA,NA,NA
"humans","5439","Autumn","Realized",6,6,"rsp_humans",TRUE,NA,NA,NA,NA,NA
"humans","5439","Winter","Potential",0,6,"rsp_humans",TRUE,NA,NA,NA,NA,NA
"humans","5439","Winter","Realized",0,6,"rsp_humans",TRUE,NA,NA,NA,NA,NA
"veg","5181","Spring","Potential",181,13,"rsp_veg",TRUE,1.62002726689357e-07,NA,NA,NA,NA
"veg","5181","Spring","Realized",46,13,"rsp_veg",TRUE,NA,NA,NA,NA,NA
"veg","5181","Summer","Potential",0,13,"rsp_veg",TRUE,NA,NA,NA,NA,NA
"veg","5181","Summer","Realized",1,13,"rsp_veg",TRUE,NA,NA,NA,NA,NA
"veg","5181","Autumn","Potential",7,13,"rsp_veg",TRUE,NA,NA,NA,NA,NA
"veg","5181","Autumn","Realized",1,13,"rsp_veg",TRUE,NA,NA,NA,NA,NA
"veg","5181","Winter","Potential",0,13,"rsp_veg",TRUE,NA,NA,NA,NA,NA
"veg","5181","Winter","Realized",1,13,"rsp_veg",TRUE,NA,NA,NA,NA,NA
"veg","5264","Spring","Potential",452,13,"rsp_veg",TRUE,1.53818781406164e-07,NA,NA,NA,NA
"veg","5264","Spring","Realized",83,13,"rsp_veg",TRUE,8.53412776823187e-08,NA,NA,NA,NA
"veg","5264","Summer","Potential",835,13,"rsp_veg",TRUE,2.94138724632583e-07,NA,NA,NA,NA
"veg","5264","Summer","Realized",169,13,"rsp_veg",TRUE,2.22800254640687e-07,NA,NA,NA,NA
"veg","5264","Autumn","Potential",121,13,"rsp_veg",TRUE,1.46914978687838e-07,NA,NA,NA,NA
"veg","5264","Autumn","Realized",24,13,"rsp_veg",TRUE,NA,NA,NA,NA,NA
"veg","5264","Winter","Potential",68,13,"rsp_veg",TRUE,9.66777307655942e-08,NA,NA,NA,NA
"veg","5264","Winter","Realized",13,13,"rsp_veg",TRUE,NA,NA,NA,NA,NA
"veg","5268","Spring","Potential",113,13,"rsp_veg",TRUE,1.42544494473642e-07,NA,NA,NA,NA
"veg","5268","Spring","Realized",29,13,"rsp_veg",TRUE,NA,NA,NA,NA,NA
"veg","5268","Summer","Potential",25,13,"rsp_veg",TRUE,NA,NA,NA,NA,NA
"veg","5268","Summer","Realized",35,13,"rsp_veg",TRUE,NA,NA,NA,NA,NA
"veg","5268","Autumn","Potential",210,13,"rsp_veg",TRUE,4.10612937578594e-07,NA,NA,NA,NA
"veg","5268","Autumn","Realized",55,13,"rsp_veg",TRUE,NA,NA,NA,NA,NA
"veg","5268","Winter","Potential",0,13,"rsp_veg",TRUE,NA,NA,NA,NA,NA
"veg","5268","Winter","Realized",0,13,"rsp_veg",TRUE,NA,NA,NA,NA,NA
"veg","5270","Spring","Potential",0,13,"rsp_veg",TRUE,NA,NA,NA,NA,NA
"veg","5270","Spring","Realized",3,13,"rsp_veg",TRUE,NA,NA,NA,NA,NA
"veg","5270","Summer","Potential",24,13,"rsp_veg",TRUE,NA,NA,NA,NA,NA
"veg","5270","Summer","Realized",14,13,"rsp_veg",TRUE,NA,NA,NA,NA,NA
"veg","5270","Autumn","Potential",158,13,"rsp_veg",TRUE,3.44800234553557e-07,NA,NA,NA,NA
"veg","5270","Autumn","Realized",34,13,"rsp_veg",TRUE,NA,NA,NA,NA,NA
"veg","5270","Winter","Potential",0,13,"rsp_veg",TRUE,NA,NA,NA,NA,NA
"veg","5270","Winter","Realized",0,13,"rsp_veg",TRUE,NA,NA,NA,NA,NA
"veg","5277","Spring","Potential",13,13,"rsp_veg",TRUE,NA,NA,NA,NA,NA
"veg","5277","Spring","Realized",7,13,"rsp_veg",TRUE,NA,NA,NA,NA,NA
"veg","5277","Summer","Potential",2,13,"rsp_veg",TRUE,NA,NA,NA,NA,NA
"veg","5277","Summer","Realized",11,13,"rsp_veg",TRUE,NA,NA,NA,NA,NA
"veg","5277","Autumn","Potential",93,13,"rsp_veg",TRUE,1.46304023393028e-07,NA,NA,NA,NA
"veg","5277","Autumn","Realized",26,13,"rsp_veg",TRUE,NA,NA,NA,NA,NA
"veg","5277","Winter","Potential",0,13,"rsp_veg",TRUE,NA,NA,NA,NA,NA
"veg","5277","Winter","Realized",0,13,"rsp_veg",TRUE,NA,NA,NA,NA,NA
"veg","5278","Spring","Potential",142,13,"rsp_veg",TRUE,9.67476980020732e-08,NA,NA,NA,NA
"veg","5278","Spring","Realized",34,13,"rsp_veg",TRUE,NA,NA,NA,NA,NA
"veg","5278","Summer","Potential",164,13,"rsp_veg",TRUE,8.00828024200447e-08,NA,NA,NA,NA
"veg","5278","Summer","Realized",35,13,"rsp_veg",TRUE,NA,NA,NA,NA,NA
"veg","5278","Autumn","Potential",113,13,"rsp_veg",TRUE,1.39739162318321e-07,NA,NA,NA,NA
"veg","5278","Autumn","Realized",31,13,"rsp_veg",TRUE,NA,NA,NA,NA,NA
"veg","5278","Winter","Potential",0,13,"rsp_veg",TRUE,NA,NA,NA,NA,NA
"veg","5278","Winter","Realized",0,13,"rsp_veg",TRUE,NA,NA,NA,NA,NA
"veg","5282","Spring","Potential",33,13,"rsp_veg",TRUE,NA,NA,NA,NA,NA
"veg","5282","Spring","Realized",10,13,"rsp_veg",TRUE,NA,NA,NA,NA,NA
"veg","5282","Summer","Potential",112,13,"rsp_veg",TRUE,1.18251343820958e-07,NA,NA,NA,NA
"veg","5282","Summer","Realized",28,13,"rsp_veg",TRUE,NA,NA,NA,NA,NA
"veg","5282","Autumn","Potential",0,13,"rsp_veg",TRUE,NA,NA,NA,NA,NA
"veg","5282","Autumn","Realized",0,13,"rsp_veg",TRUE,NA,NA,NA,NA,NA
"veg","5282","Winter","Potential",0,13,"rsp_veg",TRUE,NA,NA,NA,NA,NA
"veg","5282","Winter","Realized",0,13,"rsp_veg",TRUE,NA,NA,NA,NA,NA
"veg","5284","Spring","Potential",17,13,"rsp_veg",TRUE,NA,NA,NA,NA,NA
"veg","5284","Spring","Realized",7,13,"rsp_veg",TRUE,NA,NA,NA,NA,NA
"veg","5284","Summer","Potential",17,13,"rsp_veg",TRUE,NA,NA,NA,NA,NA
"veg","5284","Summer","Realized",11,13,"rsp_veg",TRUE,NA,NA,NA,NA,NA
"veg","5284","Autumn","Potential",0,13,"rsp_veg",TRUE,NA,NA,NA,NA,NA
"veg","5284","Autumn","Realized",0,13,"rsp_veg",TRUE,NA,NA,NA,NA,NA
"veg","5284","Winter","Potential",0,13,"rsp_veg",TRUE,NA,NA,NA,NA,NA
"veg","5284","Winter","Realized",0,13,"rsp_veg",TRUE,NA,NA,NA,NA,NA
"veg","5285","Spring","Potential",938,13,"rsp_veg",TRUE,1.94598103858687e-07,NA,NA,NA,NA
"veg","5285","Spring","Realized",182,13,"rsp_veg",TRUE,1.84709082701491e-07,NA,NA,NA,NA
"veg","5285","Summer","Potential",0,13,"rsp_veg",TRUE,NA,NA,NA,NA,NA
"veg","5285","Summer","Realized",1,13,"rsp_veg",TRUE,NA,NA,NA,NA,NA
"veg","5285","Autumn","Potential",0,13,"rsp_veg",TRUE,NA,NA,NA,NA,NA
"veg","5285","Autumn","Realized",0,13,"rsp_veg",TRUE,NA,NA,NA,NA,NA
"veg","5285","Winter","Potential",0,13,"rsp_veg",TRUE,NA,NA,NA,NA,NA
"veg","5285","Winter","Realized",0,13,"rsp_veg",TRUE,NA,NA,NA,NA,NA
"veg","5301","Spring","Potential",1078,13,"rsp_veg",TRUE,4.12588807972836e-07,NA,NA,NA,NA
"veg","5301","Spring","Realized",224,13,"rsp_veg",TRUE,2.33284563440149e-07,NA,NA,NA,NA
"veg","5301","Summer","Potential",2882,13,"rsp_veg",TRUE,2.7129747878565e-07,NA,NA,NA,NA
"veg","5301","Summer","Realized",546,13,"rsp_veg",TRUE,2.00550032771302e-07,NA,NA,NA,NA
"veg","5301","Autumn","Potential",1810,13,"rsp_veg",TRUE,3.39848375513729e-07,NA,NA,NA,NA
"veg","5301","Autumn","Realized",341,13,"rsp_veg",TRUE,3.4389652902959e-07,NA,NA,NA,NA
"veg","5301","Winter","Potential",52,13,"rsp_veg",TRUE,NA,NA,NA,NA,NA
"veg","5301","Winter","Realized",8,13,"rsp_veg",TRUE,NA,NA,NA,NA,NA
"veg","5303","Spring","Potential",1170,13,"rsp_veg",TRUE,4.09917828011564e-07,NA,NA,NA,NA
"veg","5303","Spring","Realized",232,13,"rsp_veg",TRUE,1.86853273336058e-07,NA,NA,NA,NA
"veg","5303","Summer","Potential",82,13,"rsp_veg",TRUE,2.44694169373692e-07,NA,NA,NA,NA
"veg","5303","Summer","Realized",34,13,"rsp_veg",TRUE,NA,NA,NA,NA,NA
"veg","5303","Autumn","Potential",34,13,"rsp_veg",TRUE,NA,NA,NA,NA,NA
"veg","5303","Autumn","Realized",51,13,"rsp_veg",TRUE,NA,NA,NA,NA,NA
"veg","5303","Winter","Potential",249,13,"rsp_veg",TRUE,2.30050232746756e-07,NA,NA,NA,NA
"veg","5303","Winter","Realized",48,13,"rsp_veg",TRUE,NA,NA,NA,NA,NA
"veg","5308","Spring","Potential",157,13,"rsp_veg",TRUE,1.26269288134167e-07,NA,NA,NA,NA
"veg","5308","Spring","Realized",29,13,"rsp_veg",TRUE,NA,NA,NA,NA,NA
"veg","5308","Summer","Potential",0,13,"rsp_veg",TRUE,NA,NA,NA,NA,NA
"veg","5308","Summer","Realized",0,13,"rsp_veg",TRUE,NA,NA,NA,NA,NA
"veg","5308","Autumn","Potential",0,13,"rsp_veg",TRUE,NA,NA,NA,NA,NA
"veg","5308","Autumn","Realized",0,13,"rsp_veg",TRUE,NA,NA,NA,NA,NA
"veg","5308","Winter","Potential",0,13,"rsp_veg",TRUE,NA,NA,NA,NA,NA
"veg","5308","Winter","Realized",0,13,"rsp_veg",TRUE,NA,NA,NA,NA,NA
"veg","5439","Spring","Potential",570,13,"rsp_veg",TRUE,1.79516317625057e-07,NA,NA,NA,NA
"veg","5439","Spring","Realized",107,13,"rsp_veg",TRUE,8.03195729600067e-08,NA,NA,NA,NA
"veg","5439","Summer","Potential",177,13,"rsp_veg",TRUE,1.28998995191865e-07,NA,NA,NA,NA
"veg","5439","Summer","Realized",85,13,"rsp_veg",TRUE,1.83784616246566e-07,NA,NA,NA,NA
"veg","5439","Autumn","Potential",0,13,"rsp_veg",TRUE,NA,NA,NA,NA,NA
"veg","5439","Autumn","Realized",6,13,"rsp_veg",TRUE,NA,NA,NA,NA,NA
"veg","5439","Winter","Potential",0,13,"rsp_veg",TRUE,NA,NA,NA,NA,NA
"veg","5439","Winter","Realized",0,13,"rsp_veg",TRUE,NA,NA,NA,NA,NA
"weather","5181","Spring","Potential",181,5,"rsp_weather",TRUE,49.2599255135794,"C:\Users\takola\Documents\results_20260523\objects_RSF_workflow\bootstrap\seasonal\weather\Objects\weather_5181_Spring_Potential_boot",47.2672637691023,25.803573117329,62.3295301783517
"weather","5181","Spring","Realized",46,5,"rsp_weather",TRUE,65.3074711218657,"C:\Users\takola\Documents\results_20260523\objects_RSF_workflow\bootstrap\seasonal\weather\Objects\weather_5181_Spring_Realized_boot",229.185731479023,126.561120604589,363.14809159007
"weather","5181","Summer","Potential",0,5,"rsp_weather",TRUE,NA,NA,NA,NA,NA
"weather","5181","Summer","Realized",1,5,"rsp_weather",TRUE,NA,NA,NA,NA,NA
"weather","5181","Autumn","Potential",7,5,"rsp_weather",TRUE,NA,NA,NA,NA,NA
"weather","5181","Autumn","Realized",1,5,"rsp_weather",TRUE,NA,NA,NA,NA,NA
"weather","5181","Winter","Potential",0,5,"rsp_weather",TRUE,NA,NA,NA,NA,NA
"weather","5181","Winter","Realized",1,5,"rsp_weather",TRUE,NA,NA,NA,NA,NA
"weather","5264","Spring","Potential",452,5,"rsp_weather",TRUE,93.0127781718833,"C:\Users\takola\Documents\results_20260523\objects_RSF_workflow\bootstrap\seasonal\weather\Objects\weather_5264_Spring_Potential_boot",513.593028504871,392.965757858031,652.486200043042
"weather","5264","Spring","Realized",83,5,"rsp_weather",TRUE,91.6166823615551,"C:\Users\takola\Documents\results_20260523\objects_RSF_workflow\bootstrap\seasonal\weather\Objects\weather_5264_Spring_Realized_boot",919.788452532201,437.553460636693,1389.60785280118
"weather","5264","Summer","Potential",835,5,"rsp_weather",TRUE,115.107836111042,"C:\Users\takola\Documents\results_20260523\objects_RSF_workflow\bootstrap\seasonal\weather\Objects\weather_5264_Summer_Potential_boot",30.5287732568076,26.619129108885,34.9776375913379
"weather","5264","Summer","Realized",169,5,"rsp_weather",TRUE,110.326348088745,"C:\Users\takola\Documents\results_20260523\objects_RSF_workflow\bootstrap\seasonal\weather\Objects\weather_5264_Summer_Realized_boot",90.121461313114,62.3815758200929,124.957980519385
"weather","5264","Autumn","Potential",121,5,"rsp_weather",TRUE,36.4580079768456,"C:\Users\takola\Documents\results_20260523\objects_RSF_workflow\bootstrap\seasonal\weather\Objects\weather_5264_Autumn_Potential_boot",38.6666938164622,30.5092778773205,46.3235487431413
"weather","5264","Autumn","Realized",24,5,"rsp_weather",TRUE,NA,NA,NA,NA,NA
"weather","5264","Winter","Potential",68,5,"rsp_weather",TRUE,12.9557689998944,"C:\Users\takola\Documents\results_20260523\objects_RSF_workflow\bootstrap\seasonal\weather\Objects\weather_5264_Winter_Potential_boot",0.000326322583578751,0.000228259454437198,0.000420879110432041
"weather","5264","Winter","Realized",13,5,"rsp_weather",TRUE,NA,NA,NA,NA,NA
"weather","5268","Spring","Potential",113,5,"rsp_weather",TRUE,45.9092501834346,"C:\Users\takola\Documents\results_20260523\objects_RSF_workflow\bootstrap\seasonal\weather\Objects\weather_5268_Spring_Potential_boot",39.3069807760813,30.3356642088361,52.3101710907966
"weather","5268","Spring","Realized",29,5,"rsp_weather",TRUE,48.4286651386063,"C:\Users\takola\Documents\results_20260523\objects_RSF_workflow\bootstrap\seasonal\weather\Objects\weather_5268_Spring_Realized_boot",73.5034529141576,45.9796733698624,102.23744449897
"weather","5268","Summer","Potential",25,5,"rsp_weather",TRUE,21.846291204539,"C:\Users\takola\Documents\results_20260523\objects_RSF_workflow\bootstrap\seasonal\weather\Objects\weather_5268_Summer_Potential_boot",4.43601940155435,2.45346408516572,6.10204972675165
"weather","5268","Summer","Realized",35,5,"rsp_weather",TRUE,61.8555797319912,"C:\Users\takola\Documents\results_20260523\objects_RSF_workflow\bootstrap\seasonal\weather\Objects\weather_5268_Summer_Realized_boot",150.195217506805,50.2837933706114,269.423007452159
"weather","5268","Autumn","Potential",210,5,"rsp_weather",TRUE,80.0867973645468,"C:\Users\takola\Documents\results_20260523\objects_RSF_workflow\bootstrap\seasonal\weather\Objects\weather_5268_Autumn_Potential_boot",380.170669512534,256.834911572972,537.264097787734
"weather","5268","Autumn","Realized",55,5,"rsp_weather",TRUE,89.7887905121252,"C:\Users\takola\Documents\results_20260523\objects_RSF_workflow\bootstrap\seasonal\weather\Objects\weather_5268_Autumn_Realized_boot",620.459498959033,253.299280331929,1097.58542419468
"weather","5268","Winter","Potential",0,5,"rsp_weather",TRUE,NA,NA,NA,NA,NA
"weather","5268","Winter","Realized",0,5,"rsp_weather",TRUE,NA,NA,NA,NA,NA
"weather","5270","Spring","Potential",0,5,"rsp_weather",TRUE,NA,NA,NA,NA,NA
"weather","5270","Spring","Realized",3,5,"rsp_weather",TRUE,NA,NA,NA,NA,NA
"weather","5270","Summer","Potential",24,5,"rsp_weather",TRUE,NA,NA,NA,NA,NA
"weather","5270","Summer","Realized",14,5,"rsp_weather",TRUE,NA,NA,NA,NA,NA
"weather","5270","Autumn","Potential",158,5,"rsp_weather",TRUE,44.5546662291299,"C:\Users\takola\Documents\results_20260523\objects_RSF_workflow\bootstrap\seasonal\weather\Objects\weather_5270_Autumn_Potential_boot",151.07300210474,90.2617672586889,206.470316612277
"weather","5270","Autumn","Realized",34,5,"rsp_weather",TRUE,40.4182419785741,"C:\Users\takola\Documents\results_20260523\objects_RSF_workflow\bootstrap\seasonal\weather\Objects\weather_5270_Autumn_Realized_boot",246.06697751337,94.8578090144121,444.518935711752
"weather","5270","Winter","Potential",0,5,"rsp_weather",TRUE,NA,NA,NA,NA,NA
"weather","5270","Winter","Realized",0,5,"rsp_weather",TRUE,NA,NA,NA,NA,NA
"weather","5277","Spring","Potential",13,5,"rsp_weather",TRUE,NA,NA,NA,NA,NA
"weather","5277","Spring","Realized",7,5,"rsp_weather",TRUE,NA,NA,NA,NA,NA
"weather","5277","Summer","Potential",2,5,"rsp_weather",TRUE,NA,NA,NA,NA,NA
"weather","5277","Summer","Realized",11,5,"rsp_weather",TRUE,NA,NA,NA,NA,NA
"weather","5277","Autumn","Potential",93,5,"rsp_weather",TRUE,30.0430132294479,"C:\Users\takola\Documents\results_20260523\objects_RSF_workflow\bootstrap\seasonal\weather\Objects\weather_5277_Autumn_Potential_boot",6.05866746103717,4.37389817268889,7.43711112738627
"weather","5277","Autumn","Realized",26,5,"rsp_weather",TRUE,40.5601653683939,"C:\Users\takola\Documents\results_20260523\objects_RSF_workflow\bootstrap\seasonal\weather\Objects\weather_5277_Autumn_Realized_boot",24.5623358460073,12.1329157857559,35.8108277289503
"weather","5277","Winter","Potential",0,5,"rsp_weather",TRUE,NA,NA,NA,NA,NA
"weather","5277","Winter","Realized",0,5,"rsp_weather",TRUE,NA,NA,NA,NA,NA
"weather","5278","Spring","Potential",142,5,"rsp_weather",TRUE,81.4946836512109,"C:\Users\takola\Documents\results_20260523\objects_RSF_workflow\bootstrap\seasonal\weather\Objects\weather_5278_Spring_Potential_boot",248.534258465099,197.06031926101,304.236480709738
"weather","5278","Spring","Realized",34,5,"rsp_weather",TRUE,76.8300545454199,"C:\Users\takola\Documents\results_20260523\objects_RSF_workflow\bootstrap\seasonal\weather\Objects\weather_5278_Spring_Realized_boot",521.162504675283,330.626534176776,845.932150007363
"weather","5278","Summer","Potential",164,5,"rsp_weather",TRUE,47.954213378805,"C:\Users\takola\Documents\results_20260523\objects_RSF_workflow\bootstrap\seasonal\weather\Objects\weather_5278_Summer_Potential_boot",51.4267964609747,31.5096369268719,68.3179108734357
"weather","5278","Summer","Realized",35,5,"rsp_weather",TRUE,48.1783291442185,"C:\Users\takola\Documents\results_20260523\objects_RSF_workflow\bootstrap\seasonal\weather\Objects\weather_5278_Summer_Realized_boot",77.9079731727083,32.5999731689312,135.079746796092
"weather","5278","Autumn","Potential",113,5,"rsp_weather",TRUE,42.0442088199944,"C:\Users\takola\Documents\results_20260523\objects_RSF_workflow\bootstrap\seasonal\weather\Objects\weather_5278_Autumn_Potential_boot",22.3307581815081,17.9058455952512,28.5095994100825
"weather","5278","Autumn","Realized",31,5,"rsp_weather",TRUE,43.9901147032137,"C:\Users\takola\Documents\results_20260523\objects_RSF_workflow\bootstrap\seasonal\weather\Objects\weather_5278_Autumn_Realized_boot",26.8589335457885,13.1363318107755,42.6158484068014
"weather","5278","Winter","Potential",0,5,"rsp_weather",TRUE,NA,NA,NA,NA,NA
"weather","5278","Winter","Realized",0,5,"rsp_weather",TRUE,NA,NA,NA,NA,NA
"weather","5282","Spring","Potential",33,5,"rsp_weather",TRUE,17.5814748811659,"C:\Users\takola\Documents\results_20260523\objects_RSF_workflow\bootstrap\seasonal\weather\Objects\weather_5282_Spring_Potential_boot",10.2486495960013,5.39626242888786,18.0747304757187
"weather","5282","Spring","Realized",10,5,"rsp_weather",TRUE,NA,NA,NA,NA,NA
"weather","5282","Summer","Potential",112,5,"rsp_weather",TRUE,33.5508225981263,"C:\Users\takola\Documents\results_20260523\objects_RSF_workflow\bootstrap\seasonal\weather\Objects\weather_5282_Summer_Potential_boot",31.4483032345915,16.6027439269088,47.9490656937832
"weather","5282","Summer","Realized",28,5,"rsp_weather",TRUE,40.0331019936059,"C:\Users\takola\Documents\results_20260523\objects_RSF_workflow\bootstrap\seasonal\weather\Objects\weather_5282_Summer_Realized_boot",22.5231400525387,10.4054975591961,59.0593514511597
"weather","5282","Autumn","Potential",0,5,"rsp_weather",TRUE,NA,NA,NA,NA,NA
"weather","5282","Autumn","Realized",0,5,"rsp_weather",TRUE,NA,NA,NA,NA,NA
"weather","5282","Winter","Potential",0,5,"rsp_weather",TRUE,NA,NA,NA,NA,NA
"weather","5282","Winter","Realized",0,5,"rsp_weather",TRUE,NA,NA,NA,NA,NA
"weather","5284","Spring","Potential",17,5,"rsp_weather",TRUE,NA,NA,NA,NA,NA
"weather","5284","Spring","Realized",7,5,"rsp_weather",TRUE,NA,NA,NA,NA,NA
"weather","5284","Summer","Potential",17,5,"rsp_weather",TRUE,NA,NA,NA,NA,NA
"weather","5284","Summer","Realized",11,5,"rsp_weather",TRUE,NA,NA,NA,NA,NA
"weather","5284","Autumn","Potential",0,5,"rsp_weather",TRUE,NA,NA,NA,NA,NA
"weather","5284","Autumn","Realized",0,5,"rsp_weather",TRUE,NA,NA,NA,NA,NA
"weather","5284","Winter","Potential",0,5,"rsp_weather",TRUE,NA,NA,NA,NA,NA
"weather","5284","Winter","Realized",0,5,"rsp_weather",TRUE,NA,NA,NA,NA,NA
"weather","5285","Spring","Potential",938,5,"rsp_weather",TRUE,132.029418878289,"C:\Users\takola\Documents\results_20260523\objects_RSF_workflow\bootstrap\seasonal\weather\Objects\weather_5285_Spring_Potential_boot",182.32587258854,157.974644641977,215.499755755829
"weather","5285","Spring","Realized",182,5,"rsp_weather",TRUE,125.378656614767,"C:\Users\takola\Documents\results_20260523\objects_RSF_workflow\bootstrap\seasonal\weather\Objects\weather_5285_Spring_Realized_boot",292.91247829551,158.965533928751,413.877054872811
"weather","5285","Summer","Potential",0,5,"rsp_weather",TRUE,NA,NA,NA,NA,NA
"weather","5285","Summer","Realized",1,5,"rsp_weather",TRUE,NA,NA,NA,NA,NA
"weather","5285","Autumn","Potential",0,5,"rsp_weather",TRUE,NA,NA,NA,NA,NA
"weather","5285","Autumn","Realized",0,5,"rsp_weather",TRUE,NA,NA,NA,NA,NA
"weather","5285","Winter","Potential",0,5,"rsp_weather",TRUE,NA,NA,NA,NA,NA
"weather","5285","Winter","Realized",0,5,"rsp_weather",TRUE,NA,NA,NA,NA,NA
"weather","5301","Spring","Potential",1078,5,"rsp_weather",TRUE,181.359157832555,"C:\Users\takola\Documents\results_20260523\objects_RSF_workflow\bootstrap\seasonal\weather\Objects\weather_5301_Spring_Potential_boot",410.513961009249,338.415343988106,490.609329291633
"weather","5301","Spring","Realized",224,5,"rsp_weather",TRUE,168.95028615732,"C:\Users\takola\Documents\results_20260523\objects_RSF_workflow\bootstrap\seasonal\weather\Objects\weather_5301_Spring_Realized_boot",481.332592585121,328.790546731853,688.121293693862
"weather","5301","Summer","Potential",2882,5,"rsp_weather",TRUE,234.461889788578,"C:\Users\takola\Documents\results_20260523\objects_RSF_workflow\bootstrap\seasonal\weather\Objects\weather_5301_Summer_Potential_boot",266.143704237769,247.363151338925,286.580422589076
"weather","5301","Summer","Realized",546,5,"rsp_weather",TRUE,217.395313708115,"C:\Users\takola\Documents\results_20260523\objects_RSF_workflow\bootstrap\seasonal\weather\Objects\weather_5301_Summer_Realized_boot",359.159240643446,280.753155284841,450.2528730672
"weather","5301","Autumn","Potential",1810,5,"rsp_weather",TRUE,213.205123733242,"C:\Users\takola\Documents\results_20260523\objects_RSF_workflow\bootstrap\seasonal\weather\Objects\weather_5301_Autumn_Potential_boot",319.097930191499,292.012913460893,351.433658319291
"weather","5301","Autumn","Realized",341,5,"rsp_weather",TRUE,200.422046129147,"C:\Users\takola\Documents\results_20260523\objects_RSF_workflow\bootstrap\seasonal\weather\Objects\weather_5301_Autumn_Realized_boot",642.904370975415,544.792118955262,780.25925894904
"weather","5301","Winter","Potential",52,5,"rsp_weather",TRUE,14.1863865933112,"C:\Users\takola\Documents\results_20260523\objects_RSF_workflow\bootstrap\seasonal\weather\Objects\weather_5301_Winter_Potential_boot",6.51739114854423,4.51002491219844,8.91443185862123
"weather","5301","Winter","Realized",8,5,"rsp_weather",TRUE,NA,NA,NA,NA,NA
"weather","5303","Spring","Potential",1170,5,"rsp_weather",TRUE,177.100458145965,"C:\Users\takola\Documents\results_20260523\objects_RSF_workflow\bootstrap\seasonal\weather\Objects\weather_5303_Spring_Potential_boot",314.44388812502,279.637694700201,358.206448490763
"weather","5303","Spring","Realized",232,5,"rsp_weather",TRUE,175.193390665976,"C:\Users\takola\Documents\results_20260523\objects_RSF_workflow\bootstrap\seasonal\weather\Objects\weather_5303_Spring_Realized_boot",549.309154833863,401.903113060398,700.961173218883
"weather","5303","Summer","Potential",82,5,"rsp_weather",TRUE,31.1538821983823,"C:\Users\takola\Documents\results_20260523\objects_RSF_workflow\bootstrap\seasonal\weather\Objects\weather_5303_Summer_Potential_boot",30.9157900738488,22.2492624541369,38.5083616605713
"weather","5303","Summer","Realized",34,5,"rsp_weather",TRUE,65.7246373007112,"C:\Users\takola\Documents\results_20260523\objects_RSF_workflow\bootstrap\seasonal\weather\Objects\weather_5303_Summer_Realized_boot",481.756953866145,100.650756928026,984.095831062929
"weather","5303","Autumn","Potential",34,5,"rsp_weather",TRUE,23.4676561546162,"C:\Users\takola\Documents\results_20260523\objects_RSF_workflow\bootstrap\seasonal\weather\Objects\weather_5303_Autumn_Potential_boot",207.809973094723,96.5202037792554,269.144613862701
"weather","5303","Autumn","Realized",51,5,"rsp_weather",TRUE,109.31460259391,"C:\Users\takola\Documents\results_20260523\objects_RSF_workflow\bootstrap\seasonal\weather\Objects\weather_5303_Autumn_Realized_boot",1077.37139727405,371.852470392602,1915.80761905957
"weather","5303","Winter","Potential",249,5,"rsp_weather",TRUE,33.0327667265066,"C:\Users\takola\Documents\results_20260523\objects_RSF_workflow\bootstrap\seasonal\weather\Objects\weather_5303_Winter_Potential_boot",1.21853836639038,0.806954558616522,1.55965960490999
"weather","5303","Winter","Realized",48,5,"rsp_weather",TRUE,43.9959374273373,"C:\Users\takola\Documents\results_20260523\objects_RSF_workflow\bootstrap\seasonal\weather\Objects\weather_5303_Winter_Realized_boot",122.053362102073,33.1159924972784,224.670296878423
"weather","5308","Spring","Potential",157,5,"rsp_weather",TRUE,26.5059249726165,"C:\Users\takola\Documents\results_20260523\objects_RSF_workflow\bootstrap\seasonal\weather\Objects\weather_5308_Spring_Potential_boot",1.41843395181961,0.716167347513146,2.45566135305852
"weather","5308","Spring","Realized",29,5,"rsp_weather",TRUE,25.0843844732509,"C:\Users\takola\Documents\results_20260523\objects_RSF_workflow\bootstrap\seasonal\weather\Objects\weather_5308_Spring_Realized_boot",5.83457844268913,0.941365956537803,12.5119333617508
"weather","5308","Summer","Potential",0,5,"rsp_weather",TRUE,NA,NA,NA,NA,NA
"weather","5308","Summer","Realized",0,5,"rsp_weather",TRUE,NA,NA,NA,NA,NA
"weather","5308","Autumn","Potential",0,5,"rsp_weather",TRUE,NA,NA,NA,NA,NA
"weather","5308","Autumn","Realized",0,5,"rsp_weather",TRUE,NA,NA,NA,NA,NA
"weather","5308","Winter","Potential",0,5,"rsp_weather",TRUE,NA,NA,NA,NA,NA
"weather","5308","Winter","Realized",0,5,"rsp_weather",TRUE,NA,NA,NA,NA,NA
"weather","5439","Spring","Potential",570,5,"rsp_weather",TRUE,152.780273187037,"C:\Users\takola\Documents\results_20260523\objects_RSF_workflow\bootstrap\seasonal\weather\Objects\weather_5439_Spring_Potential_boot",433.653623377339,367.046141019994,496.037270709852
"weather","5439","Spring","Realized",107,5,"rsp_weather",TRUE,128.562281998183,"C:\Users\takola\Documents\results_20260523\objects_RSF_workflow\bootstrap\seasonal\weather\Objects\weather_5439_Spring_Realized_boot",487.169984924789,272.363287787377,703.417052127613
"weather","5439","Summer","Potential",177,5,"rsp_weather",TRUE,60.7781346234749,"C:\Users\takola\Documents\results_20260523\objects_RSF_workflow\bootstrap\seasonal\weather\Objects\weather_5439_Summer_Potential_boot",141.636803631486,113.187406995849,162.967211468741
"weather","5439","Summer","Realized",85,5,"rsp_weather",TRUE,109.389807827235,"C:\Users\takola\Documents\results_20260523\objects_RSF_workflow\bootstrap\seasonal\weather\Objects\weather_5439_Summer_Realized_boot",508.042934934289,333.569578569115,714.51116416796
"weather","5439","Autumn","Potential",0,5,"rsp_weather",TRUE,NA,NA,NA,NA,NA
"weather","5439","Autumn","Realized",6,5,"rsp_weather",TRUE,NA,NA,NA,NA,NA
"weather","5439","Winter","Potential",0,5,"rsp_weather",TRUE,NA,NA,NA,NA,NA
"weather","5439","Winter","Realized",0,5,"rsp_weather",TRUE,NA,NA,NA,NA,NA
"soil","5181","Spring","Potential",181,7,"rsp_soil",TRUE,252.129772442609,"C:\Users\takola\Documents\results_20260523\objects_RSF_workflow\bootstrap\seasonal\soil\Objects\soil_5181_Spring_Potential_boot",18.2949293254997,11.4949124502927,27.8492376424984
"soil","5181","Spring","Realized",43,7,"rsp_soil",TRUE,102.903292064756,"C:\Users\takola\Documents\results_20260523\objects_RSF_workflow\bootstrap\seasonal\soil\Objects\soil_5181_Spring_Realized_boot",38512.5392213781,11175.113470613,90938.3992522937
"soil","5181","Summer","Potential",0,7,"rsp_soil",TRUE,NA,NA,NA,NA,NA
"soil","5181","Summer","Realized",1,7,"rsp_soil",TRUE,NA,NA,NA,NA,NA
"soil","5181","Autumn","Potential",7,7,"rsp_soil",TRUE,NA,NA,NA,NA,NA
"soil","5181","Autumn","Realized",1,7,"rsp_soil",TRUE,NA,NA,NA,NA,NA
"soil","5181","Winter","Potential",0,7,"rsp_soil",TRUE,NA,NA,NA,NA,NA
"soil","5181","Winter","Realized",1,7,"rsp_soil",TRUE,NA,NA,NA,NA,NA
"soil","5264","Spring","Potential",452,7,"rsp_soil",TRUE,450.071575804927,"C:\Users\takola\Documents\results_20260523\objects_RSF_workflow\bootstrap\seasonal\soil\Objects\soil_5264_Spring_Potential_boot",59.9085707949148,39.7836998306356,83.9689592087288
"soil","5264","Spring","Realized",83,7,"rsp_soil",TRUE,128.828177861692,"C:\Users\takola\Documents\results_20260523\objects_RSF_workflow\bootstrap\seasonal\soil\Objects\soil_5264_Spring_Realized_boot",1305.84418731999,97.9630597892553,4014.0553183394
"soil","5264","Summer","Potential",834,7,"rsp_soil",TRUE,613.828160630114,"C:\Users\takola\Documents\results_20260523\objects_RSF_workflow\bootstrap\seasonal\soil\Objects\soil_5264_Summer_Potential_boot",141.395899862607,107.531809099217,193.497603837296
"soil","5264","Summer","Realized",169,7,"rsp_soil",TRUE,231.493487545015,"C:\Users\takola\Documents\results_20260523\objects_RSF_workflow\bootstrap\seasonal\soil\Objects\soil_5264_Summer_Realized_boot",724.035070923629,489.058240348766,1280.78990483309
"soil","5264","Autumn","Potential",121,7,"rsp_soil",TRUE,298.872947625061,"C:\Users\takola\Documents\results_20260523\objects_RSF_workflow\bootstrap\seasonal\soil\Objects\soil_5264_Autumn_Potential_boot",65.9743338475801,35.9415530964719,100.788499139618
"soil","5264","Autumn","Realized",24,7,"rsp_soil",TRUE,NA,NA,NA,NA,NA
"soil","5264","Winter","Potential",68,7,"rsp_soil",TRUE,225.250763149015,"C:\Users\takola\Documents\results_20260523\objects_RSF_workflow\bootstrap\seasonal\soil\Objects\soil_5264_Winter_Potential_boot",61.9586396090588,32.49487270372,108.815604621133
"soil","5264","Winter","Realized",13,7,"rsp_soil",TRUE,NA,NA,NA,NA,NA
"soil","5268","Spring","Potential",113,7,"rsp_soil",TRUE,205.611420613422,"C:\Users\takola\Documents\results_20260523\objects_RSF_workflow\bootstrap\seasonal\soil\Objects\soil_5268_Spring_Potential_boot",41.8933423525347,17.8132900743914,68.6533351115853
"soil","5268","Spring","Realized",29,7,"rsp_soil",TRUE,NA,NA,NA,NA,NA
"soil","5268","Summer","Potential",25,7,"rsp_soil",TRUE,NA,NA,NA,NA,NA
"soil","5268","Summer","Realized",35,7,"rsp_soil",TRUE,172.582914906529,"C:\Users\takola\Documents\results_20260523\objects_RSF_workflow\bootstrap\seasonal\soil\Objects\soil_5268_Summer_Realized_boot",912.985810535533,71.0690371461115,2807.81907542903
"soil","5268","Autumn","Potential",210,7,"rsp_soil",TRUE,374.512909706224,"C:\Users\takola\Documents\results_20260523\objects_RSF_workflow\bootstrap\seasonal\soil\Objects\soil_5268_Autumn_Potential_boot",103.506587685494,75.1366040774591,129.034323185313
"soil","5268","Autumn","Realized",55,7,"rsp_soil",TRUE,165.961859885883,"C:\Users\takola\Documents\results_20260523\objects_RSF_workflow\bootstrap\seasonal\soil\Objects\soil_5268_Autumn_Realized_boot",10192.9648156336,3874.89697033699,15726.5906756614
"soil","5268","Winter","Potential",0,7,"rsp_soil",TRUE,NA,NA,NA,NA,NA
"soil","5268","Winter","Realized",0,7,"rsp_soil",TRUE,NA,NA,NA,NA,NA
"soil","5270","Spring","Potential",0,7,"rsp_soil",TRUE,NA,NA,NA,NA,NA
"soil","5270","Spring","Realized",3,7,"rsp_soil",TRUE,NA,NA,NA,NA,NA
"soil","5270","Summer","Potential",24,7,"rsp_soil",TRUE,NA,NA,NA,NA,NA
"soil","5270","Summer","Realized",14,7,"rsp_soil",TRUE,NA,NA,NA,NA,NA
"soil","5270","Autumn","Potential",158,7,"rsp_soil",TRUE,113.332766930673,"C:\Users\takola\Documents\results_20260523\objects_RSF_workflow\bootstrap\seasonal\soil\Objects\soil_5270_Autumn_Potential_boot",5.98908803809988,1.85820032253275,11.8406775162265
"soil","5270","Autumn","Realized",34,7,"rsp_soil",TRUE,NA,NA,NA,NA,NA
"soil","5270","Winter","Potential",0,7,"rsp_soil",TRUE,NA,NA,NA,NA,NA
"soil","5270","Winter","Realized",0,7,"rsp_soil",TRUE,NA,NA,NA,NA,NA
"soil","5277","Spring","Potential",13,7,"rsp_soil",TRUE,NA,NA,NA,NA,NA
"soil","5277","Spring","Realized",7,7,"rsp_soil",TRUE,NA,NA,NA,NA,NA
"soil","5277","Summer","Potential",2,7,"rsp_soil",TRUE,NA,NA,NA,NA,NA
"soil","5277","Summer","Realized",11,7,"rsp_soil",TRUE,NA,NA,NA,NA,NA
"soil","5277","Autumn","Potential",93,7,"rsp_soil",TRUE,296.119349584939,"C:\Users\takola\Documents\results_20260523\objects_RSF_workflow\bootstrap\seasonal\soil\Objects\soil_5277_Autumn_Potential_boot",171.188467372407,79.1717488073616,361.119388905984
"soil","5277","Autumn","Realized",26,7,"rsp_soil",TRUE,NA,NA,NA,NA,NA
"soil","5277","Winter","Potential",0,7,"rsp_soil",TRUE,NA,NA,NA,NA,NA
"soil","5277","Winter","Realized",0,7,"rsp_soil",TRUE,NA,NA,NA,NA,NA
"soil","5278","Spring","Potential",142,7,"rsp_soil",TRUE,251.842673620034,"C:\Users\takola\Documents\results_20260523\objects_RSF_workflow\bootstrap\seasonal\soil\Objects\soil_5278_Spring_Potential_boot",28.8931439143519,15.3000423710829,41.4802444505148
"soil","5278","Spring","Realized",34,7,"rsp_soil",TRUE,NA,NA,NA,NA,NA
"soil","5278","Summer","Potential",164,7,"rsp_soil",TRUE,330.418546999194,"C:\Users\takola\Documents\results_20260523\objects_RSF_workflow\bootstrap\seasonal\soil\Objects\soil_5278_Summer_Potential_boot",82.0248733949518,44.3501693703503,120.337616453715
"soil","5278","Summer","Realized",35,7,"rsp_soil",TRUE,135.392163837926,"C:\Users\takola\Documents\results_20260523\objects_RSF_workflow\bootstrap\seasonal\soil\Objects\soil_5278_Summer_Realized_boot",14.8544939761417,4.02772795242116,32.1292869037316
"soil","5278","Autumn","Potential",113,7,"rsp_soil",TRUE,273.628503755995,"C:\Users\takola\Documents\results_20260523\objects_RSF_workflow\bootstrap\seasonal\soil\Objects\soil_5278_Autumn_Potential_boot",86.4258984590518,57.2534915388746,127.349255455113
"soil","5278","Autumn","Realized",31,7,"rsp_soil",TRUE,NA,NA,NA,NA,NA
"soil","5278","Winter","Potential",0,7,"rsp_soil",TRUE,NA,NA,NA,NA,NA
"soil","5278","Winter","Realized",0,7,"rsp_soil",TRUE,NA,NA,NA,NA,NA
"soil","5282","Spring","Potential",33,7,"rsp_soil",TRUE,NA,NA,NA,NA,NA
"soil","5282","Spring","Realized",10,7,"rsp_soil",TRUE,NA,NA,NA,NA,NA
"soil","5282","Summer","Potential",112,7,"rsp_soil",TRUE,260.953814008025,"C:\Users\takola\Documents\results_20260523\objects_RSF_workflow\bootstrap\seasonal\soil\Objects\soil_5282_Summer_Potential_boot",34.6809717879128,19.0136752309188,57.2732897217027
"soil","5282","Summer","Realized",28,7,"rsp_soil",TRUE,NA,NA,NA,NA,NA
"soil","5282","Autumn","Potential",0,7,"rsp_soil",TRUE,NA,NA,NA,NA,NA
"soil","5282","Autumn","Realized",0,7,"rsp_soil",TRUE,NA,NA,NA,NA,NA
"soil","5282","Winter","Potential",0,7,"rsp_soil",TRUE,NA,NA,NA,NA,NA
"soil","5282","Winter","Realized",0,7,"rsp_soil",TRUE,NA,NA,NA,NA,NA
"soil","5284","Spring","Potential",17,7,"rsp_soil",TRUE,NA,NA,NA,NA,NA
"soil","5284","Spring","Realized",7,7,"rsp_soil",TRUE,NA,NA,NA,NA,NA
"soil","5284","Summer","Potential",17,7,"rsp_soil",TRUE,NA,NA,NA,NA,NA
"soil","5284","Summer","Realized",11,7,"rsp_soil",TRUE,NA,NA,NA,NA,NA
"soil","5284","Autumn","Potential",0,7,"rsp_soil",TRUE,NA,NA,NA,NA,NA
"soil","5284","Autumn","Realized",0,7,"rsp_soil",TRUE,NA,NA,NA,NA,NA
"soil","5284","Winter","Potential",0,7,"rsp_soil",TRUE,NA,NA,NA,NA,NA
"soil","5284","Winter","Realized",0,7,"rsp_soil",TRUE,NA,NA,NA,NA,NA
"soil","5285","Spring","Potential",938,7,"rsp_soil",TRUE,491.291818546374,"C:\Users\takola\Documents\results_20260523\objects_RSF_workflow\bootstrap\seasonal\soil\Objects\soil_5285_Spring_Potential_boot",35.653596291866,26.4085920052162,44.7178925278667
"soil","5285","Spring","Realized",182,7,"rsp_soil",TRUE,121.747867600286,"C:\Users\takola\Documents\results_20260523\objects_RSF_workflow\bootstrap\seasonal\soil\Objects\soil_5285_Spring_Realized_boot",104.935494792668,69.9281709028863,151.182669472231
"soil","5285","Summer","Potential",0,7,"rsp_soil",TRUE,NA,NA,NA,NA,NA
"soil","5285","Summer","Realized",1,7,"rsp_soil",TRUE,NA,NA,NA,NA,NA
"soil","5285","Autumn","Potential",0,7,"rsp_soil",TRUE,NA,NA,NA,NA,NA
"soil","5285","Autumn","Realized",0,7,"rsp_soil",TRUE,NA,NA,NA,NA,NA
"soil","5285","Winter","Potential",0,7,"rsp_soil",TRUE,NA,NA,NA,NA,NA
"soil","5285","Winter","Realized",0,7,"rsp_soil",TRUE,NA,NA,NA,NA,NA
"soil","5301","Spring","Potential",1078,7,"rsp_soil",TRUE,616.582701764707,"C:\Users\takola\Documents\results_20260523\objects_RSF_workflow\bootstrap\seasonal\soil\Objects\soil_5301_Spring_Potential_boot",163.252387518032,127.69962947197,200.65853462301
"soil","5301","Spring","Realized",224,7,"rsp_soil",TRUE,171.155972443501,"C:\Users\takola\Documents\results_20260523\objects_RSF_workflow\bootstrap\seasonal\soil\Objects\soil_5301_Spring_Realized_boot",298.455467151817,230.560843676213,362.323741325089
"soil","5301","Summer","Potential",2882,7,"rsp_soil",TRUE,950.810381735011,"C:\Users\takola\Documents\results_20260523\objects_RSF_workflow\bootstrap\seasonal\soil\Objects\soil_5301_Summer_Potential_boot",202.276801064716,170.946081594808,242.277281584316
"soil","5301","Summer","Realized",546,7,"rsp_soil",TRUE,562.581025042885,"C:\Users\takola\Documents\results_20260523\objects_RSF_workflow\bootstrap\seasonal\soil\Objects\soil_5301_Summer_Realized_boot",475.974329896112,351.417044032439,600.814632392357
"soil","5301","Autumn","Potential",1810,7,"rsp_soil",TRUE,675.322077995012,"C:\Users\takola\Documents\results_20260523\objects_RSF_workflow\bootstrap\seasonal\soil\Objects\soil_5301_Autumn_Potential_boot",253.744145905206,203.574111958428,322.657657280168
"soil","5301","Autumn","Realized",341,7,"rsp_soil",TRUE,349.940770089438,"C:\Users\takola\Documents\results_20260523\objects_RSF_workflow\bootstrap\seasonal\soil\Objects\soil_5301_Autumn_Realized_boot",684.07203455043,434.129000975006,891.74177101728
"soil","5301","Winter","Potential",52,7,"rsp_soil",TRUE,48.1057767393522,"C:\Users\takola\Documents\results_20260523\objects_RSF_workflow\bootstrap\seasonal\soil\Objects\soil_5301_Winter_Potential_boot",0.0202900309157323,0.00515815157259089,0.0479769739496614
"soil","5301","Winter","Realized",8,7,"rsp_soil",TRUE,NA,NA,NA,NA,NA
"soil","5303","Spring","Potential",1128,7,"rsp_soil",TRUE,531.057471115273,"C:\Users\takola\Documents\results_20260523\objects_RSF_workflow\bootstrap\seasonal\soil\Objects\soil_5303_Spring_Potential_boot",5656.74572249228,4091.91265606233,7233.13506120131
"soil","5303","Spring","Realized",223,7,"rsp_soil",TRUE,216.420198801976,"C:\Users\takola\Documents\results_20260523\objects_RSF_workflow\bootstrap\seasonal\soil\Objects\soil_5303_Spring_Realized_boot",4654.62742796856,1200.81460094382,9623.16847786099
"soil","5303","Summer","Potential",82,7,"rsp_soil",TRUE,213.9605345561,"C:\Users\takola\Documents\results_20260523\objects_RSF_workflow\bootstrap\seasonal\soil\Objects\soil_5303_Summer_Potential_boot",3816.74190480941,2643.10269059924,5424.13099467629
"soil","5303","Summer","Realized",34,7,"rsp_soil",TRUE,NA,NA,NA,NA,NA
"soil","5303","Autumn","Potential",34,7,"rsp_soil",TRUE,NA,NA,NA,NA,NA
"soil","5303","Autumn","Realized",51,7,"rsp_soil",TRUE,237.751468668283,"C:\Users\takola\Documents\results_20260523\objects_RSF_workflow\bootstrap\seasonal\soil\Objects\soil_5303_Autumn_Realized_boot",1696.30107255768,344.563083947969,4011.08562636068
"soil","5303","Winter","Potential",249,7,"rsp_soil",TRUE,88.720900086754,"C:\Users\takola\Documents\results_20260523\objects_RSF_workflow\bootstrap\seasonal\soil\Objects\soil_5303_Winter_Potential_boot",0.00478987675486719,0.00141830148814682,0.0109157026419924
"soil","5303","Winter","Realized",48,7,"rsp_soil",TRUE,88.724008471964,"C:\Users\takola\Documents\results_20260523\objects_RSF_workflow\bootstrap\seasonal\soil\Objects\soil_5303_Winter_Realized_boot",42951.7961204427,9887.53874643017,82131.0759525126
"soil","5308","Spring","Potential",157,7,"rsp_soil",TRUE,233.012811195425,"C:\Users\takola\Documents\results_20260523\objects_RSF_workflow\bootstrap\seasonal\soil\Objects\soil_5308_Spring_Potential_boot",20.584418029638,9.40691745665184,34.6510470818628
"soil","5308","Spring","Realized",29,7,"rsp_soil",TRUE,NA,NA,NA,NA,NA
"soil","5308","Summer","Potential",0,7,"rsp_soil",TRUE,NA,NA,NA,NA,NA
"soil","5308","Summer","Realized",0,7,"rsp_soil",TRUE,NA,NA,NA,NA,NA
"soil","5308","Autumn","Potential",0,7,"rsp_soil",TRUE,NA,NA,NA,NA,NA
"soil","5308","Autumn","Realized",0,7,"rsp_soil",TRUE,NA,NA,NA,NA,NA
"soil","5308","Winter","Potential",0,7,"rsp_soil",TRUE,NA,NA,NA,NA,NA
"soil","5308","Winter","Realized",0,7,"rsp_soil",TRUE,NA,NA,NA,NA,NA
"soil","5439","Spring","Potential",570,7,"rsp_soil",TRUE,321.420466862967,"C:\Users\takola\Documents\results_20260523\objects_RSF_workflow\bootstrap\seasonal\soil\Objects\soil_5439_Spring_Potential_boot",22.1568559359306,14.3182124347738,31.4987817842466
"soil","5439","Spring","Realized",107,7,"rsp_soil",TRUE,76.3292876030881,"C:\Users\takola\Documents\results_20260523\objects_RSF_workflow\bootstrap\seasonal\soil\Objects\soil_5439_Spring_Realized_boot",2.21311009287847,0.458572831420579,5.78280832896003
"soil","5439","Summer","Potential",177,7,"rsp_soil",TRUE,313.303926712362,"C:\Users\takola\Documents\results_20260523\objects_RSF_workflow\bootstrap\seasonal\soil\Objects\soil_5439_Summer_Potential_boot",39.6481649399213,19.6706466929198,62.5178773072492
"soil","5439","Summer","Realized",85,7,"rsp_soil",TRUE,289.206981572101,"C:\Users\takola\Documents\results_20260523\objects_RSF_workflow\bootstrap\seasonal\soil\Objects\soil_5439_Summer_Realized_boot",124.13314582677,60.1981142440313,198.827208333532
"soil","5439","Autumn","Potential",0,7,"rsp_soil",TRUE,NA,NA,NA,NA,NA
"soil","5439","Autumn","Realized",6,7,"rsp_soil",TRUE,NA,NA,NA,NA,NA
"soil","5439","Winter","Potential",0,7,"rsp_soil",TRUE,NA,NA,NA,NA,NA
"soil","5439","Winter","Realized",0,7,"rsp_soil",TRUE,NA,NA,NA,NA,NA
